ABADES;1
ABADIN;2
ABADIÑO;6
ABANILLA;2
ABANTO Y CIERVANA-ABANTO ZIERBENA;4
ABARAN;6
ABARZUZA/ABARTZUZA;1
ABEGONDO;1
ABENGIBRE;2
ABENOJAR;2
ABLA;1
ABLITAS;2
ABRERA;3
ABRUCENA;1
ACEDERA;1
ACEUCHAL;4
ADAMUZ;4
ADEJE;14
ADEMUZ;2
ADOR;1
ADRA;9
ADRADA (LA);2
AGAETE;1
AGOLADA;1
AGONCILLO;2
AGOST;3
AGRAMUNT;3
AGREDA;4
AGUADULCE;2
AGUARON;1
AGUAVIVA;2
AGUDO;3
AGUILAFUENTE;1
AGUILAR DE CAMPOO;7
AGUILAR DE LA FRONTERA;6
AGUILAR DEL RIO ALHAMA;1
AGUILAS;10
AGUILON;1
AGULLANA;1
AGULLENT;1
AGULO;1
AGURAIN/SALVATIERRA;3
AGÜIMES;6
AHIGAL;1
AHILLONES;1
AIBAR/OIBAR;2
AIELO DE MALFERIT;3
AIGUAFREDA;2
AINSA-SOBRARBE;4
AINZON;2
AITONA;3
AJALVIR;3
AJOFRIN;1
ALACON;1
ALAEJOS;3
ALAGON;4
ALAGON DEL RIO;1
ALAIOR;3
ALAJAR;1
ALAJERO;1
ALAMEDA;3
ALAMEDA DE LA SAGRA;1
ALAMILLO;1
ALAMO (EL);2
ALANGE;1
ALANIS;2
ALAQUÀS;9
ALAR DEL REY;1
ALARAZ;1
ALARO;1
ALATOZ;1
ALBA DE TORMES;4
ALBACETE;62
ALBAIDA;4
ALBAIDA DEL ALJARAFE;1
ALBAL;5
ALBALADEJO;2
ALBALADEJO DEL CUENDE;1
ALBALAT DE LA RIBERA;3
ALBALAT DELS SORELLS;2
ALBALATE DE CINCA;2
ALBALATE DE LAS NOGUERAS;1
ALBALATE DE ZORITA;1
ALBALATE DEL ARZOBISPO;2
ALBANCHEZ DE MAGINA;2
ALBARES;1
ALBARRACIN;2
ALBATANA;1
ALBATERA;6
ALBATÀRRECH;3
ALBELDA;2
ALBELDA DE IREGUA;2
ALBERCA (LA);3
ALBERCA DE ZANCARA (LA);2
ALBERIC;5
ALBERITE;2
ALBESA;1
ALBI (L');2
ALBOCÀSSER;2
ALBOLOTE;8
ALBONDON;2
ALBORAIA/ALBORAYA;8
ALBOREA;1
ALBOX;4
ALBUERA (LA);2
ALBUIXECH;2
ALBURQUERQUE;5
ALBUÑAN;1
ALBUÑOL;4
ALBUÑUELAS;1
ALCADOZO;1
ALCALA DE GUADAIRA;13
ALCALA DE GURREA;1
ALCALA DE HENARES;52
ALCALA DE LA SELVA;2
ALCALA DE LOS GAZULES;3
ALCALA DEL JUCAR;1
ALCALA DEL RIO;3
ALCALA DEL VALLE;2
ALCALA LA REAL;11
ALCALÀ DE XIVERT;6
ALCAMPELL;2
ALCANADRE;1
ALCANAR;2
ALCANTARA;3
ALCANTARILLA;9
ALCARACEJOS;1
ALCARAZ;3
ALCARRÀS;5
ALCAUCIN;1
ALCAUDETE;7
ALCAUDETE DE LA JARA;1
ALCAZAR DE SAN JUAN;11
ALCAZARES (LOS);8
ALCAÑICES;3
ALCAÑIZ;9
ALCOBA;1
ALCOBENDAS;52
ALCOLEA DE CALATRAVA;2
ALCOLEA DE CINCA;2
ALCOLEA DE TAJO;1
ALCOLEA DEL PINAR;1
ALCOLEA DEL RIO;2
ALCOLETGE;1
ALCONCHEL;3
ALCORA (L');7
ALCORCON;41
ALCORISA;2
ALCOVER;2
ALCOY/ALCOI;18
ALCUBIERRE;2
ALCUBILLAS;1
ALCUDIA;10
ALCUDIA (L');6
ALCUDIA DE CRESPINS (L');2
ALCUESCAR;1
ALCÀNTERA DE XUQUER;1
ALCÀSSER;2
ALDAIA;12
ALDEA (L');1
ALDEA DE SAN NICOLAS (LA);3
ALDEA DEL FRESNO;1
ALDEA DEL REY;2
ALDEA EN CABO;1
ALDEADAVILA DE LA RIBERA;1
ALDEAMAYOR DE SAN MARTIN;2
ALDEANUEVA DE EBRO;4
ALDEANUEVA DE LA VERA;1
ALDEANUEVA DE SAN BARTOLOME;1
ALDEANUEVA DEL CAMINO;1
ALDEAQUEMADA;1
ALDEATEJADA;1
ALDEIRE;1
ALEDO;1
ALEGIA;1
ALEGRIA-DULANTZI;2
ALELLA;3
ALESANCO;2
ALFACAR;2
ALFAFAR;5
ALFAJARIN;2
ALFAMBRA;1
ALFAMEN;2
ALFARA DEL PATRIARCA;1
ALFARNATE;1
ALFARO;7
ALFARP;1
ALFARRASI;1
ALFARRÀS;3
ALFAS DEL PI (L');11
ALFOZ;1
ALGABA (LA);4
ALGAIDA;1
ALGAMITAS;1
ALGAR;1
ALGARINEJO;3
ALGARROBO;2
ALGECIRAS;29
ALGEMESI;10
ALGETE;5
ALGINET;4
ALGODONALES;2
ALGORFA;1
ALGUAIRE;1
ALGUAZAS;2
ALHAMA DE ALMERIA;3
ALHAMA DE ARAGON;2
ALHAMA DE GRANADA;5
ALHAMA DE MURCIA;7
ALHAMBRA;1
ALHAURIN DE LA TORRE;11
ALHAURIN EL GRANDE;9
ALHENDIN;3
ALIAGA;1
ALIAGUILLA;1
ALICANTE/ALACANT;106
ALIJA DEL INFANTADO;1
ALISEDA;1
ALJARAQUE;6
ALJUCEN;1
ALLANDE;2
ALLARIZ;4
ALLEPUZ;1
ALLER;5
ALLO;2
ALLOZA;1
ALMACELLES;4
ALMACHAR;1
ALMADEN;3
ALMADEN DE LA PLATA;1
ALMADENEJOS;1
ALMAGRO;5
ALMAJANO;1
ALMANSA;10
ALMARCHA (LA);1
ALMARGEN;2
ALMARZA;1
ALMASSORA;9
ALMATRET;1
ALMAZAN;6
ALMEDINA;1
ALMEDINILLA;2
ALMEIDA DE SAYAGO;1
ALMENAR;3
ALMENAR DE SORIA;1
ALMENARA;2
ALMENDRAL;2
ALMENDRAL DE LA CAÑADA;1
ALMENDRALEJO;14
ALMENDRO (EL);1
ALMENSILLA;2
ALMERIA;78
ALMODOVAR DEL CAMPO;5
ALMODOVAR DEL PINAR;1
ALMODOVAR DEL RIO;4
ALMOGUERA;2
ALMOHARIN;2
ALMOLDA (LA);1
ALMONACID DE LA CUBA;1
ALMONACID DE LA SIERRA;2
ALMONACID DE TOLEDO;1
ALMONACID DE ZORITA;1
ALMONACID DEL MARQUESADO;1
ALMONTE;10
ALMORADI;5
ALMOROX;1
ALMUDEVAR;2
ALMUNIA DE DOÑA GODINA(LA);5
ALMUNIA DE SAN JUAN;1
ALMURADIEL;1
ALMUSSAFES;3
ALMUÑECAR;9
ALMÀSSERA;3
ALONSOTEGI;3
ALORA;3
ALOSNO;2
ALOVERA;3
ALOZAINA;1
ALP;2
ALPEDRETE;3
ALPERA;3
ALPICAT;2
ALPUENTE;1
ALPUJARRA DE LA SIERRA;1
ALQUERIA DE LA COMTESSA (L');1
ALQUERIES (LES)/ALQUERIAS DEL NIÑO PERDIDO;2
ALQUIFE;1
ALTAFULLA;2
ALTEA;11
ALTORRICON;2
ALTSASU/ALSASUA;6
ALTURA;1
ALZIRA;12
AMER;1
AMES;9
AMESCOA BAJA;1
AMETLLA DE MAR (L');2
AMETLLA DEL VALLÈS (L');2
AMEZKETA;1
AMIEVA;1
AMOEIRO;1
AMOREBIETA-ETXANO;7
AMPOLLA (L');1
AMPOSTA;5
AMPUERO;2
AMURRIO;6
ANCHURAS;1
ANDOAIN;6
ANDORRA;5
ANDOSILLA;2
ANDRATX;8
ANDUJAR;10
ANGLESOLA;1
ANGLÈS;2
ANGÜES;1
ANIÑON;2
ANNA;2
ANOETA;1
ANSO;1
ANSOAIN/ANTSOAIN;3
ANTAS;3
ANTAS DE ULLA;2
ANTELLA;1
ANTEQUERA;15
ANTIGUA;3
ANTZUOLA;2
AOIZ/AGOITZ;2
ARACENA;5
ARAFO;1
ARAHAL;6
ARAITZ;1
ARAMAIO;2
ARANDA DE DUERO;16
ARANDIGA;1
ARANGUREN;2
ARANJUEZ;16
ARANTZA;2
ARAS DE LOS OLMOS;1
ARBECA;1
ARBIZU;1
ARBO;1
ARBOLEAS;1
ARBOÇ (L');1
ARBUCIES;3
ARCAS;1
ARCHENA;8
ARCHIDONA;5
ARCOS;1
ARCOS (LOS);2
ARCOS DE JALON;2
ARCOS DE LA FRONTERA;8
ARDALES;2
AREATZA;1
AREN;2
ARENAL (EL);1
ARENALES DE SAN GREGORIO;1
ARENAS DE IGUÑA;1
ARENAS DE SAN JUAN;1
ARENAS DE SAN PEDRO;5
ARENYS DE MAR;4
ARENYS DE MUNT;2
ARES;1
ARETXABALETA;3
AREVALO;8
ARGAMASILLA DE ALBA;5
ARGAMASILLA DE CALATRAVA;3
ARGANDA DEL REY;16
ARGENTE;1
ARGENTONA;4
ARGES;2
ARGUEDAS;2
ARIANY;1
ARIBE;2
ARICO;3
ARIZA;2
ARIÑO;2
ARJONA;4
ARJONILLA;2
ARMENTERA (L');1
ARMILLA;8
ARNEDILLO;1
ARNEDO;6
ARNUERO;1
AROCHE;1
ARONA;32
ARQUILLOS;1
ARRAIA-MAEZTU;1
ARRASATE/MONDRAGON;9
ARRECIFE;15
ARRIATE;2
ARRIGORRIAGA;6
ARROBA DE LOS MONTES;1
ARRONIZ;2
ARROYO DE LA ENCOMIENDA;4
ARROYO DE LA LUZ;6
ARROYO DE SAN SERVAN;3
ARROYO DEL OJANCO;2
ARROYOMOLINOS;8
ARROYOMOLINOS DE LEON;1
ARRUBAL;1
ARTAJONA;2
ARTANA;1
ARTEIXO;8
ARTENARA;1
ARTES;2
ARTESA DE LLEIDA;1
ARTESA DE SEGRE;3
ARTZINIEGA;1
ARTÀ;2
ARUCAS;8
ARZUA;3
ASCO;2
ASPARRENA;1
ASPE;7
ASTEASU;1
ASTIGARRAGA;3
ASTILLERO (EL);6
ASTORGA;8
ATARFE;4
ATAUN;1
ATECA;2
ATIENZA;3
ATZENETA D'ALBAIDA;1
ATZENETA DEL MAESTRAT;1
AULESTI;1
AURITZ/BURGUETE;1
AUSEJO;2
AUTOL;3
AVILA;24
AVILES;23
AVINYO;1
AVINYONET DEL PENEDÈS;2
AVION;1
AVIÀ;1
AYAMONTE;8
AYERBE;2
AYLLON;2
AYNA;1
AYORA;3
AZAGRA;2
AZKOITIA;6
AZNALCAZAR;3
AZNALCOLLAR;2
AZPEITIA;10
AZUAGA;8
AZUARA;1
AZUQUECA DE HENARES;9
AÑORA;2
AÑORBE;1
AÑOVER DE TAJO;2
BABILAFUENTE;1
BADAJOZ;70
BADALONA;40
BADARAN;1
BADIA DEL VALLÈS;1
BADOLATOSA;2
BAENA;9
BAEZA;7
BAGUENA;1
BAGÀ;2
BAILEN;6
BAIONA;6
BAIX PALLARS;1
BAKIO;2
BALAGUER;6
BALAZOTE;3
BALEIRA;2
BALENYÀ;2
BALLESTERO (EL);1
BALLESTEROS DE CALATRAVA;1
BALLOBAR;2
BALMASEDA;4
BALSARENY;1
BALTANAS;3
BANDE;1
BANYALBUFAR;1
BANYERES DE MARIOLA;6
BANYERES DEL PENEDÈS;1
BANYOLES;6
BARAJAS DE MELO;1
BARAKALDO;31
BARALLA;1
BARASOAIN;2
BARAÑAIN/BARAÑAIN;6
BARBADAS;2
BARBASTRO;9
BARBATE;6
BARBENS;1
BARBERÀ DE LA CONCA;1
BARBERÀ DEL VALLÈS;8
BARCARROTA;3
BARCELONA;532
BARCENA DE CICERO;1
BARCO DE AVILA (EL);4
BARCO DE VALDEORRAS (O);5
BARDALLUR;1
BARGAS;4
BARGOTA;1
BARLOVENTO;2
BARRACHINA;1
BARRACO (EL);2
BARRAX;2
BARREIROS;2
BARRIOS (LOS);7
BARRO;1
BARX;1
BASAURI;16
BATEA;2
BAZA;6
BAZTAN;6
BAÑARES;1
BAÑEZA (LA);9
BAÑOS DE EBRO/MAÑUETA;1
BAÑOS DE LA ENCINA;1
BAÑOS DE MOLGAS;1
BAÑOS DE MONTEMAYOR;1
BAÑOS DE RIO TOBIA;2
BEARIZ;1
BEAS;2
BEAS DE GRANADA;1
BEAS DE SEGURA;2
BEASAIN;8
BECEDAS;1
BECEITE;2
BECERREA;4
BECERRIL DE LA SIERRA;1
BEDAR;1
BEDMAR Y GARCIEZ;3
BEGIJAR;3
BEGONTE;2
BEGUES;2
BEGUR;2
BEJAR;6
BELALCAZAR;2
BELCHITE;3
BELIANES;1
BELL-LLOC D'URGELL;1
BELLCAIRE D'URGELL;1
BELLO;2
BELLPUIG;4
BELLREGUARD;2
BELLVEI;1
BELLVER DE CERDANYA;1
BELLVIS;1
BELMEZ;1
BELMEZ DE LA MORALEDA;2
BELMONTE;3
BELMONTE DE MIRANDA;1
BELMONTE DE TAJO;2
BELORADO;3
BELVER DE CINCA;2
BELVIS DE LA JARA;1
BEMBIBRE;5
BENABARRE;2
BENACAZON;2
BENAGUASIL;3
BENAHADUX;2
BENAHAVIS;3
BENALMADENA;20
BENALUA;2
BENALUA DE LAS VILLAS;2
BENALUP-CASAS VIEJAS;1
BENAMARGOSA;1
BENAMAUREL;2
BENAMEJI;4
BENAMOCARRA;1
BENAOCAZ;1
BENAOJAN;1
BENASQUE;3
BENASSAL;2
BENATAE;1
BENAVENT DE SEGRIÀ;1
BENAVENTE;10
BENAVIDES;3
BENEIXAMA;1
BENEJUZAR;2
BENETUSSER;5
BENFERRI;1
BENIARJO;1
BENICARLO;8
BENICASIM/BENICÀSSIM;5
BENIDORM;25
BENIEL;5
BENIFAIO;4
BENIGÀNIM;3
BENIJOFAR;1
BENIMODO;1
BENISSA;4
BENITACHELL/POBLE NOU DE BENITATXELL (EL);1
BERA;4
BERANGO;2
BERASTEGI;1
BERBEGAL;1
BERBINZANA;2
BERCHULES;1
BERGA;4
BERGARA;9
BERGONDO;2
BERIAIN;2
BERJA;5
BERLANGA;3
BERLANGA DE DUERO;1
BERMEO;7
BERMILLO DE SAYAGO;2
BERNARDOS;1
BERNEDO;1
BERRIATUA;1
BERRIOZAR;5
BERRIZ;3
BESALU;2
BESCANO;1
BETANZOS;6
BETELU;1
BETERA;7
BETXI;3
BIAR;3
BICORP;1
BIELSA;2
BIENSERVIDA;1
BIENVENIDA;2
BIESCAS;2
BIGASTRO;3
BIGUES I RIELLS;2
BILBAO;160
BIMENES;1
BINACED;2
BINEFAR;6
BINISSALEM;2
BIOTA;2
BISBAL D'EMPORDÀ (LA);4
BISBAL DEL PENEDÈS (LA);1
BLANCA;4
BLANES;9
BLAZQUEZ (LOS);1
BOADILLA DEL MONTE;20
BOAL;2
BOALO (EL);1
BOBORAS;1
BOCAIRENT;3
BOCEGUILLAS;1
BOECILLO;2
BOGARRA;1
BOIMORTO;1
BOIRO;7
BOLAÑOS DE CALATRAVA;5
BOLBAITE;1
BOLLULLOS DE LA MITACION;2
BOLLULLOS PAR DEL CONDADO;5
BOLO (O);1
BOLTAÑA;2
BONARES;3
BONETE;1
BONILLO (EL);3
BONREPÒS I MIRAMBELL;2
BOQUEIXON;1
BOQUIÑENI;2
BORDILS;1
BORGE (EL);1
BORGES BLANQUES (LES);4
BORGES DEL CAMP (LES);1
BORJA;4
BORMUJOS;6
BORNOS;3
BOROX;1
BORRIANA/BURRIANA;8
BORRIOL;2
BOSQUE (EL);1
BOSSÒST;1
BOTORRITA;1
BOVEDA;1
BOVEDA DE TORO (LA);1
BOÑAR;4
BRAZATORTAS;2
BREA DE ARAGON;2
BREDA;1
BRENES;3
BREÑA ALTA;4
BREÑA BAJA;1
BRIHUEGA;3
BRION;1
BRIONES;1
BRIVIESCA;5
BRONCHALES;2
BROTO;2
BROZAS;1
BRUNETE;3
BUENACHE DE ALARCON;1
BUENAVENTURA;1
BUENAVISTA DEL NORTE;3
BUEU;4
BUGARRA;1
BUGER;1
BUITRAGO DEL LOZOYA;1
BUJALANCE;4
BUJARALOZ;2
BULLAS;3
BUNYOLA;2
BURELA;5
BURGANES DE VALVERDE;1
BURGO (EL);1
BURGO DE EBRO (EL);2
BURGO DE OSMA-CIUDAD DE OSMA;5
BURGOHONDO;1
BURGOS;73
BURGUILLOS;2
BURGUILLOS DE TOLEDO;1
BURGUILLOS DEL CERRO;3
BURJASSOT;7
BURLADA/BURLATA;7
BURUJON;1
BUSOT;1
BUSTARVIEJO;2
BUSTILLO DEL PARAMO;1
BUSTURIA;1
BUÑOL;5
BUÑUEL;2
BÀSCARA;1
CABANA DE BERGANTIÑOS;1
CABANES;2
CABANILLAS;2
CABANILLAS DEL CAMPO;3
CABAÑAS DE EBRO;1
CABAÑAS DE LA SAGRA;1
CABEZA DEL BUEY;6
CABEZA LA VACA;2
CABEZAMESADA;1
CABEZARADOS;1
CABEZARRUBIAS DEL PUERTO;1
CABEZAS DE SAN JUAN (LAS);3
CABEZAS RUBIAS;1
CABEZON DE LA SAL;6
CABEZON DE PISUERGA;1
CABEZUELA;1
CABEZUELA DEL VALLE;3
CABRA;7
CABRA DEL SANTO CRISTO;2
CABRALES;1
CABRANES;1
CABRERA DE MAR;1
CABRERIZOS;1
CABRILS;1
CACABELOS;7
CACERES;34
CADALSO DE LOS VIDRIOS;1
CADAQUES;3
CADIAR;2
CADIZ;43
CADREITA;2
CADRETE;1
CAJAR;1
CALA;1
CALACEITE;2
CALAF;2
CALAFELL;4
CALAHORRA;14
CALAHORRA (LA);1
CALAMOCHA;5
CALAMONTE;5
CALANDA;2
CALASPARRA;3
CALATAYUD;7
CALATORAO;2
CALAÑAS;2
CALDAS DE REIS;3
CALDES D'ESTRAC;1
CALDES DE MALAVELLA;1
CALDES DE MONTBUI;4
CALELLA;4
CALERA DE LEON;1
CALERA Y CHOZAS;4
CALERUEGA;3
CALLDETENES;2
CALLOSA D'EN SARRIA;3
CALLOSA DE SEGURA;6
CALLUS;1
CALONGE I SANT ANTONI;2
CALP;6
CALVIÀ;25
CALVOS DE RANDIN;1
CALZADA DE CALATRAVA;3
CALZADILLA DE LOS BARROS;1
CAMARASA;1
CAMARENA;1
CAMARENILLA;1
CAMARGO;7
CAMARIÑAS;2
CAMARLES;1
CAMARMA DE ESTERUELAS;1
CAMARZANA DE TERA;3
CAMAS;4
CAMBADOS;7
CAMBIL;3
CAMBRE;7
CAMBRILS;8
CAMINOMORISCO;1
CAMINREAL;1
CAMPANA (LA);2
CAMPANARIO;5
CAMPANET;1
CAMPASPERO;2
CAMPDEVÀNOL;1
CAMPELLO (EL);9
CAMPEZO/KANPEZU;3
CAMPILLO (EL);1
CAMPILLO DE ALTOBUEY;2
CAMPILLO DE ARENAS;2
CAMPILLO DE LA JARA (EL);1
CAMPILLO DE LLERENA;1
CAMPILLOS;4
CAMPO;2
CAMPO DE CRIPTANA;5
CAMPO DE SAN PEDRO;2
CAMPO REAL;3
CAMPONARAYA;3
CAMPORRELLS;1
CAMPORROBLES;1
CAMPOS;5
CAMPOS DEL PARAISO;1
CAMPOS DEL RIO;1
CAMPOTEJAR;2
CAMPRODON;2
CAMUÑAS;1
CANAL DE BERDUN;1
CANALS;5
CANDAMO;1
CANDASNOS;1
CANDELARIA;5
CANDELEDA;3
CANENA;2
CANET D'EN BERENGUER;1
CANET DE MAR;3
CANET LO ROIG;1
CANGAS;8
CANGAS DE ONIS;5
CANGAS DEL NARCEA;6
CANILES;2
CANJAYAR;1
CANONJA (LA);1
CANOVELLES;3
CANTALAPIEDRA;1
CANTALEJO;4
CANTAVIEJA;2
CANTILLANA;3
CANTIMPALOS;2
CANTORIA;1
CANYELLES;1
CAPARROSO;2
CAPDEPERA;6
CAPELA (A);1
CAPELLADES;3
CAPILEIRA;1
CARAVACA DE LA CRUZ;9
CARBAJALES DE ALBA;1
CARBAJOSA DE LA SAGRADA;3
CARBALLEDA DE VALDEORRAS;1
CARBALLEDO;2
CARBALLIÑO (O);6
CARBALLO;7
CARBONERAS;4
CARBONERAS DE GUADAZAON;1
CARBONERO EL MAYOR;3
CARBONEROS;1
CARCABUEY;2
CARCAIXENT;7
CARCAR;2
CARCASTILLO;2
CARCELEN;1
CARCHELES;2
CARDEDEU;5
CARDENETE;1
CARDEÑA;1
CARDONA;2
CARIÑENA;3
CARIÑO;1
CARLET;5
CARLOTA (LA);5
CARMENA;1
CARMONA;8
CARMONITA;1
CARNOTA;1
CAROLINA (LA);9
CARPIO;1
CARPIO (EL);2
CARPIO DE TAJO (EL);1
CARRACEDELO;2
CARRAL;3
CARRANQUE;2
CARRASCOSA DE HARO;1
CARREÑO;5
CARRION DE CALATRAVA;2
CARRION DE LOS CESPEDES;2
CARRION DE LOS CONDES;4
CARRIZO;1
CARRIZOSA;1
CARTAGENA;76
CARTAMA;9
CARTAYA;6
CARTELLE;1
CARTES;1
CASABERMEJA;1
CASALARREINA;2
CASAR (EL);3
CASAR DE CACERES;4
CASAR DE ESCALONA (EL);1
CASAR DE PALOMERO;1
CASARABONELA;2
CASARES;1
CASARICHE;2
CASARRUBIOS DEL MONTE;1
CASAS DE BENITEZ;1
CASAS DE DON PEDRO;1
CASAS DE FERNANDO ALONSO;1
CASAS DE HARO;1
CASAS DE JUAN NUÑEZ;2
CASAS DE LOS PINOS;1
CASAS DE VES;1
CASAS-IBAÑEZ;4
CASASIMARRO;2
CASATEJADA;1
CASAVIEJA;1
CASCANTE;2
CASEDA;2
CASINOS;2
CASO;1
CASPE;5
CASSERRES;1
CASSÀ DE LA SELVA;5
CASTALLA;5
CASTAÑARES DE RIOJA;1
CASTEJON;2
CASTEJON DE MONEGROS;1
CASTEJON DE SOS;2
CASTEJON DE VALDEJASA;1
CASTEJON DEL PUENTE;1
CASTEL DE CABRA;1
CASTELL (ES);1
CASTELL-PLATJA D'ARO;6
CASTELLANOS DE MORISCOS;1
CASTELLAR;2
CASTELLAR DE LA FRONTERA;1
CASTELLAR DE SANTIAGO;3
CASTELLAR DEL VALLÈS;4
CASTELLBELL I EL VILAR;1
CASTELLBISBAL;4
CASTELLDANS;2
CASTELLDEFELS;14
CASTELLFOLLIT DE LA ROCA;1
CASTELLO D'EMPURIES;5
CASTELLO DE LA PLANA;52
CASTELLO DE RUGAT;3
CASTELLOTE;2
CASTELLSERÀ;1
CASTELLTERÇOL;1
CASTELLVELL DEL CAMP;1
CASTELLVI DE LA MARCA;1
CASTELSERAS;2
CASTILBLANCO;1
CASTILBLANCO DE LOS ARROYOS;2
CASTILLEJA DE LA CUESTA;5
CASTILLEJAR;2
CASTILLEJO DE INIESTA;1
CASTILLO DE BAYUELA;1
CASTILLO DE LAS GUARDAS(EL);1
CASTILLO DE LOCUBIN;3
CASTILLONROY;1
CASTILRUIZ;1
CASTRELO DE MIÑO;1
CASTRIL;2
CASTRILLON;9
CASTRO CALDELAS;1
CASTRO DE REI;3
CASTRO DEL RIO;4
CASTRO-URDIALES;8
CASTROCONTRIGO;1
CASTROJERIZ;3
CASTROPOL;2
CASTROVERDE;2
CASTUERA;8
CATADAU;1
CATARROJA;11
CATI;1
CATOIRA;1
CATRAL;3
CAUDETE;6
CAUDETE DE LAS FUENTES;1
CAZALEGAS;1
CAZALILLA;1
CAZALLA DE LA SIERRA;2
CAZORLA;5
CAÑADA;1
CAÑADA ROSAL;2
CAÑAMERO;1
CAÑAVERAL;1
CAÑAVERAS;1
CAÑAVERUELAS;1
CAÑETE;2
CAÑETE DE LAS TORRES;2
CAÑETE LA REAL;1
CAÑIZA (A);2
CEBOLLA;2
CEBREROS;3
CECLAVIN;1
CEDEIRA;5
CEDILLO DEL CONDADO;2
CEDRILLAS;2
CEE;4
CEHEGIN;4
CELADAS;1
CELANOVA;5
CELLA;2
CELLERA DE TER (LA);1
CELRÀ;2
CENDEA DE OLZA/OLTZA ZENDEA;1
CENES DE LA VEGA;2
CENICERO;4
CENICIENTOS;1
CENIZATE;2
CENTELLES;2
CERCEDA;3
CERCEDILLA;1
CERCS;1
CERDANYOLA DEL VALLÈS;14
CERDEDO-COTOBADE;1
CEREZO DE RIO TIRON;3
CERRALBOS (LOS);1
CERRO DE ANDEVALO (EL);2
CERVANTES;1
CERVELLO;2
CERVERA;4
CERVERA DE LA CAÑADA;1
CERVERA DE PISUERGA;2
CERVERA DEL LLANO;1
CERVERA DEL RIO ALHAMA;3
CERVIÀ DE LES GARRIGUES;1
CERVO;1
CETINA;2
CEUTA;11
CEUTI;3
CHANTADA;5
CHAPINERIA;1
CHAUCHINA;2
CHAÑE;2
CHECA;1
CHELES;1
CHELLA;1
CHELVA;1
CHESTE;2
CHICLANA DE LA FRONTERA;16
CHICLANA DE SEGURA;1
CHILCHES/XILXES;3
CHILLON;1
CHILLUEVAR;2
CHILOECHES;2
CHIMENEAS;1
CHINCHILLA DE MONTE-ARAGON;3
CHINCHON;2
CHIPIONA;5
CHIPRANA;1
CHIRIVEL;1
CHIVA;5
CHOZAS DE CANALES;2
CHUCENA;1
CHURRIANA DE LA VEGA;4
CIEMPOZUELOS;7
CIEZA;7
CIFUENTES;2
CIGALES;3
CIJUELA;2
CILLEROS;1
CILLERUELO DE ABAJO;1
CINCTORRES;1
CINTRUENIGO;4
CIRAUQUI/ZIRAUKI;2
CISTERNIGA;2
CISTIERNA;5
CIUDAD REAL;25
CIUDAD RODRIGO;6
CIUTADELLA DE MENORCA;10
CIZUR;3
COBEJA;2
COBEÑA;2
COBISA;1
COCA;2
COCENTAINA;6
CODO;1
CODOSERA (LA);2
CODOÑERA (LA);1
COFRENTES;1
COGECES DEL MONTE;1
COGOLLOS DE GUADIX;1
COGOLLOS DE LA VEGA;3
COGOLLUDO;2
COIN;7
COLERA;1
COLES;1
COLINDRES;5
COLL DE NARGO;1
COLLADO MEDIANO;1
COLLADO VILLALBA;15
COLMENAR;2
COLMENAR DE OREJA;2
COLMENAR VIEJO;12
COLMENAREJO;1
COLOMERA;1
COLUNGA;2
COMARES;1
COMILLAS;3
COMPETA;3
CONDADO DE TREVIÑO;2
CONIL DE LA FRONTERA;9
CONSELL;1
CONSTANTI;2
CONSTANTINA;3
CONSUEGRA;6
CORBERA;2
CORBERA D'EBRE;1
CORBERA DE LLOBREGAT;3
CORBINS;1
CORCUBION;1
CORDOBA;105
CORDOBILLA DE LACARA;1
CORELLA;5
CORESES;1
CORGO (O);1
CORIA;7
CORIA DEL RIO;7
CORISTANCO;2
CORNELLÀ DE LLOBREGAT;25
CORNELLÀ DEL TERRI;1
CORONADA (LA);2
CORONIL (EL);2
CORRAL DE ALMAGUER;4
CORRAL DE CALATRAVA;1
CORRAL-RUBIO;1
CORRALES (LOS);2
CORRALES DE BUELNA (LOS);4
CORRALES DEL VINO;1
CORTE DE PELEAS;1
CORTECONCEPCION;1
CORTEGANA;3
CORTES;2
CORTES DE BAZA;3
CORTES DE LA FRONTERA;3
CORTIJOS (LOS);1
CORUÑA (A);100
CORVERA DE ASTURIAS;6
CORVERA DE TORANZO;1
COSLADA;22
COSPEITO;3
COSTITX;1
COSTUR;1
COSUENDA;1
COVALEDA;2
COVARRUBIAS;2
COVELO;1
COVES DE VINROMÀ (LES);2
COX;5
COZAR;1
CRECENTE;1
CREIXELL;1
CRETAS;2
CREVILLENT;7
CUADROS;1
CUALEDRO;1
CUARTE DE HUERVA;6
CUBAS DE LA SAGRA;1
CUBELLES;3
CUDILLERO;4
CUELLAR;5
CUENCA;23
CUERVA;1
CUERVO DE SEVILLA (EL);2
CUEVAS DE SAN MARCOS;1
CUEVAS DEL ALMANZORA;7
CUEVAS DEL CAMPO;2
CULLAR;3
CULLAR VEGA;2
CULLERA;8
CULLEREDO;7
CUMBRES DE SAN BARTOLOME;1
CUMBRES MAYORES;1
CUNIT;3
CUNTIS;1
CURTIS;4
CUZCURRITA DE RIO TIRON;1
CÀLIG;1
CÀRCER;1
DAGANZO DE ARRIBA;3
DAIMIEL;6
DAIMUS;1
DALIAS;4
DARNIUS;1
DAROCA;3
DARRO;1
DEBA;4
DEGAÑA;2
DEHESAS DE GUADIX;1
DEHESAS VIEJAS;2
DEIFONTES;2
DELEITOSA;1
DELTEBRE;2
DENIA;12
DERIO;5
DEZA;1
DICASTILLO;2
DIEZMA;1
DILAR;1
DIMA;1
DOLAR;1
DOLORES;5
DOMINGO PEREZ;1
DOMINGO PEREZ DE GRANADA;1
DON ALVARO;1
DON BENITO;16
DONEZTEBE/SANTESTEBAN;3
DONOSTIA/SAN SEBASTIAN;89
DOS HERMANAS;27
DOS TORRES;2
DOSBARRIOS;1
DOSRIUS;1
DOÑA MENCIA;2
DOÑINOS DE SALAMANCA;1
DUEÑAS;2
DUMBRIA;1
DURANGO;12
DURCAL;3
DURUELO DE LA SIERRA;1
ECIJA;10
EIBAR;12
EIVISSA;20
EJEA DE LOS CABALLEROS;9
EJIDO (EL);31
EJULVE;1
ELCHE DE LA SIERRA;3
ELCHE/ELX;58
ELCIEGO;2
ELDA;11
ELGOIBAR;7
ELIANA (L');6
ELORRIO;4
ELVILLAR/BILAR;1
ENCINAS REALES;2
ENCINASOLA;1
ENCINEDO;1
ENGUERA;1
ENTRENA;3
ENTRIMO;1
ENTRIN BAJO;1
EPILA;3
ERANDIO;10
ERLA;1
ERMUA;6
ERRENTERIA;12
ERRIBERABEITIA;1
ERRIBERAGOITIA/RIBERA ALTA;1
ERRO;1
ESCACENA DEL CAMPO;2
ESCALA (L');4
ESCALONA;2
ESCALONA DEL PRADO;1
ESCALONILLA;1
ESCATRON;1
ESCAÑUELA;1
ESCORIAL (EL);3
ESCUCHA;1
ESCURIAL;1
ESGOS;1
ESKORIATZA;2
ESPARRAGALEJO;1
ESPARRAGOSA DE LA SERENA;1
ESPARRAGOSA DE LARES;2
ESPARREGUERA;4
ESPARTINAS;2
ESPEJO;3
ESPELUY;1
ESPERA;1
ESPIEL;2
ESPINAR (EL);4
ESPINOSA DE LOS MONTEROS;3
ESPINOSO DEL REY;1
ESPLUGA CALBA (L');1
ESPLUGA DE FRANCOLI (L');1
ESPLUGUES DE LLOBREGAT;11
ESPLUS;1
ESPORLES;1
ESPOT;1
ESQUIROL (L');1
ESQUIVIAS;2
ESTADILLA;2
ESTELLA-LIZARRA;8
ESTEPA;6
ESTEPAR;3
ESTEPONA;18
ESTERCUEL;1
ESTERIBAR;1
ESTERRI D'ÀNEU;1
ESTIVELLA;2
ESTRADA (A);5
ESTRELLA (LA);1
ESTREMERA;1
ETXALAR;2
ETXARRI ARANATZ;2
ETXEBARRI;4
EULATE;2
EZCARAY;3
EZCAROZ/EZKAROZE;1
FABARA;2
FABERO;3
FALCES;2
FALSET;2
FASNIA;2
FATARELLA (LA);1
FAURA;1
FAYON;1
FELANITX;7
FENE;5
FERIA;1
FERMOSELLE;1
FERNAN CABALLERO;1
FERNAN-NUÑEZ;5
FERRERIES;3
FERROL;20
FIGUERES;14
FIGUEROLES;1
FIGUERUELAS;2
FINES;2
FINESTRAT;4
FIRGAS;1
FISCAL;1
FISTERRA;1
FITERO;2
FIÑANA;1
FLAÇÀ;1
FLIX;2
FOIOS;3
FOLGOSO DO COUREL;2
FONDO DE LES NEUS (EL)/HONDON DE LAS NIEVES;1
FONDON;1
FONSAGRADA (A);2
FONT D'EN CARRÒS (LA);2
FONT DE LA FIGUERA (LA);2
FONTANAR;1
FONTANARS DELS ALFORINS;1
FONTELLAS;2
FONTIVEROS;1
FONZ;2
FORCALL;1
FORCAREI;1
FORMENTERA;6
FORMENTERA DEL SEGURA;2
FORNALUTX;1
FORNELLS DE LA SELVA;1
FORNELOS DE MONTES;1
FORNES;1
FORTUNA;3
FOZ;5
FRADES;1
FRAGA;8
FRAILES;1
FRANCO (EL);1
FRANQUESES DEL VALLÈS(LES);3
FRASNO (EL);1
FREGENAL DE LA SIERRA;6
FREILA;1
FRESNEDA (LA);1
FRIAS;1
FRIGILIANA;1
FRIOL;1
FROMISTA;2
FRONTERA;3
FUENCALIENTE;1
FUENCALIENTE DE LA PALMA;2
FUENDEJALON;2
FUENGIROLA;23
FUENLABRADA;42
FUENLABRADA DE LOS MONTES;1
FUENMAYOR;3
FUENSALDAÑA;2
FUENSALIDA;5
FUENSANTA DE MARTOS;1
FUENTE ALAMO DE MURCIA;9
FUENTE DE CANTOS;6
FUENTE DE PEDRO NAHARRO;3
FUENTE DE SAN ESTEBAN (LA);3
FUENTE DEL MAESTRE;5
FUENTE EL FRESNO;2
FUENTE EL SAZ DE JARAMA;1
FUENTE OBEJUNA;2
FUENTE PALMERA;7
FUENTE VAQUEROS;2
FUENTE-ALAMO;3
FUENTEALBILLA;3
FUENTEARMEGIL;1
FUENTECEN;1
FUENTEPELAYO;2
FUENTES CLARAS;2
FUENTES DE ANDALUCIA;2
FUENTES DE EBRO;4
FUENTES DE LEON;2
FUENTESAUCO;3
FUENTESPALDA;1
FUENTIDUEÑA DE TAJO;1
FUERTE DEL REY;1
FUEVA (LA);2
FULIOLA (LA);1
FUNES;2
FUSTIÑANA;2
Fecha de Referencia: 30/06/2025;1
GABIAS (LAS);3
GADOR;1
GALAPAGAR;4
GALAROZA;1
GALDAKAO;13
GALDAR;5
GALENDE;1
GALERA;2
GALLARDOS (LOS);1
GALLUR;2
GALVEZ;2
GANDESA;3
GANDIA;23
GARACHICO;1
GARRIGA (LA);4
GARRIGUELLA;1
GARROVILLA (LA);2
GARRUCHA;6
GASTOR (EL);1
GATA DE GORGOS;3
GAVÀ;12
GEA DE ALBARRACIN;1
GELIDA;2
GELSA;2
GELVES;2
GENAVE;1
GENOVES (EL);3
GERENA;2
GERGAL;1
GERINDOTE;1
GERNIKA-LUMO;9
GETAFE;55
GETARIA;2
GETXO;29
GIBRALEON;3
GIJON;104
GILENA;2
GILET;1
GIMENELLS I EL PLA DE LA FONT;1
GINEBROSA (LA);1
GINES;4
GINETA (LA);1
GIRONA;35
GIRONELLA;2
GODELLA;4
GODELLETA;1
GOIZUETA;1
GOJAR;2
GOLMAYO;1
GOLMES;1
GOMARA;1
GOMECELLO;2
GOMESENDE;1
GONDOMAR;3
GOR;1
GORDEXOLA;1
GORDONCILLO;1
GORLIZ;2
GOZON;6
GRADO;6
GRADO (EL);1
GRAJA DE INIESTA;1
GRANADA;98
GRANADA (LA);1
GRANADELLA (LA);1
GRANADILLA DE ABONA;13
GRANADO (EL);1
GRANATULA DE CALATRAVA;1
GRANDAS DE SALIME;1
GRANJA D'ESCARP (LA);1
GRANJA DE ROCAMORA;1
GRANJA DE TORREHERMOSA;2
GRANJUELA (LA);1
GRANOLLERS;24
GRAUS;4
GRAVALOS;1
GRAZALEMA;2
GRAÑEN;2
GRAÑON;1
GRISEN;1
GRIÑON;6
GROVE (O);5
GUADAHORTUNA;2
GUADALAJARA;37
GUADALCANAL;2
GUADALIX DE LA SIERRA;1
GUADALMEZ;1
GUADALUPE;1
GUADAMUR;1
GUADARRAMA;3
GUADASSUAR;3
GUADIANA DEL CAUDILLO;2
GUADIX;7
GUAJARES (LOS);1
GUALCHOS;3
GUANCHA (LA);1
GUARDA (A);4
GUARDAMAR DEL SEGURA;6
GUARDIA (LA);2
GUARDIA DE JAEN (LA);2
GUARDIOLA DE BERGUEDÀ;2
GUARDO;4
GUAREÑA;7
GUARROMAN;2
GUDIÑA (LA);2
GUIA DE ISORA;9
GUIJUELO;6
GUILLENA;2
GUISSONA;3
GUITIRIZ;3
GUMIEL DE IZAN;3
GUNTIN;1
GURREA DE GALLEGO;2
GÜEJAR SIERRA;2
GÜEÑES;5
GÜIMAR;4
HABA (LA);1
HARIA;1
HARO;8
HELLIN;11
HENAREJOS;1
HERENCIA;6
HERMIGUA;2
HERNANI;8
HERRERA;3
HERRERA DE LOS NAVARROS;2
HERRERA DE PISUERGA;3
HERRERA DEL DUQUE;5
HERRUMBLAR (EL);1
HERVAS;4
HIGUERA DE CALATRAVA;1
HIGUERA DE LA SERENA;1
HIGUERA DE LA SIERRA;1
HIGUERA DE VARGAS;2
HIGUERA LA REAL;3
HIGUERUELA;2
HIGUERUELAS;1
HIJAR;2
HINOJARES;1
HINOJOS;2
HINOJOSA DE SAN VICENTE;1
HINOJOSA DEL DUQUE;4
HINOJOSAS DE CALATRAVA;1
HINOJOSOS (LOS);1
HONDARRIBIA;6
HONRUBIA;3
HONTALBILLA;1
HONTORIA DEL PINAR;2
HORCAJO DE LOS MONTES;2
HORCAJO DE SANTIAGO;3
HORCHE;2
HORMIGOS;1
HORNACHOS;3
HORNACHUELOS;3
HORNOS;1
HORTA DE SANT JOAN;1
HOSPITALET DE LLOBREGAT(L');57
HOSTALETS DE PIEROLA (ELS);1
HOSTALRIC;2
HOYA-GONZALO;1
HOYO DE MANZANARES;3
HOYO DE PINARES (EL);2
HUARTE/UHARTE;3
HUECAS;1
HUELMA;4
HUELVA;44
HUENEJA;2
HUERCAL DE ALMERIA;4
HUERCAL-OVERA;7
HUERCANOS;1
HUERTA DE REY;3
HUERTA DE VALDECARABANOS;1
HUERTO;1
HUESA;2
HUESCA;21
HUESCAR;4
HUETE;2
HUETOR DE SANTILLAN;1
HUETOR TAJAR;4
HUETOR VEGA;2
HUEVAR DEL ALJARAFE;2
HUMANES;1
HUMANES DE MADRID;3
HUMILLADERO;2
IBARRA;2
IBARRANGELU;1
IBEAS DE JUARROS;2
IBI;8
IBIAS;1
IBROS;1
ICOD DE LOS VINOS;6
IDIAZABAL;2
IGANTZI;1
IGEA;1
IGLESUELA DEL CID (LA);1
IGLESUELA DEL TIETAR (LA);1
IGORRE;4
IGUALADA;9
ILLA DE AROUSA (A);1
ILLANA;1
ILLESCAS;8
ILLORA;4
ILLUECA;4
INCA;11
INCIO (O);1
INGENIO;7
INIESTA;4
IRIXO (O);1
IRIXOA;1
IRUELA (LA);1
IRUN;17
IRURTZUN;3
IRUÑA OKA/IRUÑA DE OCA;2
ISABA/IZABA;1
ISABENA;2
ISCAR;6
ISLA CRISTINA;6
ISLA MAYOR;2
ISONA I CONCA DELLÀ;2
ISTAN;1
ITRABO;1
IVARS D'URGELL;1
IZNAJAR;2
IZNALLOZ;2
IZNATE;1
IZNATORAF;1
JABALQUINTO;1
JABUGO;2
JACA;7
JADRAQUE;3
JAEN;41
JAMILENA;1
JARAFUEL;1
JARAIZ DE LA VERA;4
JARANDILLA DE LA VERA;1
JAVEA/XABIA;9
JAYENA;2
JEREZ DE LA FRONTERA;53
JEREZ DE LOS CABALLEROS;7
JEREZ DEL MARQUESADO;2
JERICA;2
JETE;1
JIJONA/XIXONA;4
JIMENA;2
JIMENA DE LA FRONTERA;4
JODAR;3
JONQUERA (LA);2
JORQUERA;1
JUMILLA;7
JUN;1
JUNCOSA;1
JUNEDA;2
KARRANTZA HARANA/VALLE DE CARRANZA;2
LABASTIDA/BASTIDA;1
LABORES (LAS);1
LACHAR;3
LAGARTERA;1
LAGUARDIA;4
LAGUNA DE DUERO;7
LAGUNA DE NEGRILLOS;1
LAHIGUERA;1
LAKUNTZA;2
LALIN;7
LALUENGA;1
LALUEZA;4
LAMA (A);1
LANAJA;2
LANCARA;2
LANCIEGO/LANTZIEGO;1
LANDETE;2
LANESTOSA;1
LANGA DE DUERO;1
LANGREO;16
LANJARON;2
LANTEJUELA (LA);2
LANZAHITA;1
LAPUEBLA DE LABARCA;1
LARACHA (A);3
LARDERO;3
LAREDO;6
LARRABETZU;2
LARRAGA;2
LARRAUN;2
LARVA;1
LASARTE-ORIA;8
LASPAULES;2
LASTRILLA (LA);1
LAUDIO/LLODIO;8
LAUJAR DE ANDARAX;1
LAVIANA;6
LAXE;1
LAYOS;1
LAZA;1
LAZKAO;2
LEBRIJA;6
LECERA;2
LECIÑENA;2
LECRIN;2
LEDAÑA;2
LEDESMA;3
LEDRADA;1
LEGANES;39
LEGAZPI;5
LEGORRETA;1
LEGUTIO;1
LEIOA;9
LEIRO;1
LEITZA;3
LEKEITIO;4
LEKUNBERRI;1
LEMOA;2
LENA;4
LEON;69
LEPE;10
LERIN;2
LERMA;4
LES;1
LESAKA;3
LETUX;1
LEZAMA;1
LEZO;3
LEZUZA;2
LIBRILLA;2
LIENDO;1
LIETOR;1
LILLO;1
LINARES;14
LINARES DE RIOFRIO;1
LINEA DE LA CONCEPCION(LA);9
LINYOLA;2
LIZARTZA;1
LLAGOSTA (LA);3
LLAGOSTERA;2
LLANERA;7
LLANES;8
LLANOS DE ARIDANE (LOS);5
LLANOS DEL CAUDILLO;1
LLANÇÀ;2
LLARDECANS;1
LLAVORSI;1
LLEIDA;50
LLERA;1
LLERENA;8
LLERS;1
LLINARS DEL VALLÈS;3
LLIRIA;6
LLIVIA;1
LLIÇÀ D'AMUNT;2
LLIÇÀ DE VALL;2
LLOMBAI;1
LLORENÇ DEL PENEDÈS;1
LLORET DE MAR;7
LLORET DE VISTALEGRE;1
LLOSA (LA);1
LLOSA DE RANES (LA);3
LLOSETA;2
LLUBI;1
LLUCENA/LUCENA DEL CID;2
LLUCMAJOR;11
LLUTXENT;2
LOARRE;1
LOBIOS;1
LOBON;4
LODOSA;4
LOECHES;2
LOGROSAN;2
LOGROÑO;65
LOJA;8
LOMINCHAR;1
LONGARES;2
LOPERA;2
LORA DE ESTEPA;1
LORA DEL RIO;7
LORCA;32
LORIGUILLA;2
LORQUI;3
LOSAR DE LA VERA;3
LOSCOS;1
LOURENZA;3
LOZOYA;1
LUBRIN;1
LUCENA;11
LUCENA DEL PUERTO;2
LUCENI;2
LUCIANA;1
LUCILLOS;1
LUGO;35
LUISIANA (LA);2
LUMBIER;2
LUMBRALES;2
LUMPIAQUE;2
LUNA;2
LUPION;1
LUPIÑEN-ORTILLA;1
LUQUE;2
LUZAIDE/VALCARLOS;1
MACAEL;4
MACEDA;1
MACOTERA;1
MADRID;1098
MADRIDEJOS;4
MADRIGAL DE LA VERA;1
MADRIGAL DE LAS ALTAS TORRES;2
MADRIGALEJO;3
MADRIGUERAS;2
MADROÑERA;1
MAELLA;2
MAGALLON;2
MAGAN;2
MAGUILLA;1
MAHORA;2
MAIALS;1
MAIRENA DEL ALCOR;6
MAIRENA DEL ALJARAFE;12
MAJADAHONDA;25
MALAGA;208
MALAGON;4
MALAHA (LA);2
MALGRAT DE MAR;4
MALLEN;2
MALPARTIDA DE CACERES;3
MALPARTIDA DE LA SERENA;1
MALPARTIDA DE PLASENCIA;1
MALPICA DE BERGANTIÑOS;1
MALPICA DE TAJO;1
MALUENDA;2
MANACOR;13
MANCHA REAL;6
MANCHITA;1
MANGANESES DE LA LAMPREANA;1
MANILVA;7
MANISES;7
MANLLEU;4
MANRESA;18
MANSILLA DE LAS MULAS;5
MANUEL;2
MANZANARES;6
MANZANARES EL REAL;1
MANZANEDA;1
MANZANEQUE;1
MANZANERA;1
MANZANILLA;2
MAO-MAHON;13
MAQUEDA;1
MARACENA;6
MARANCHON;1
MARBELLA;59
MARCHAMALO;1
MARCHENA;5
MARCILLA;2
MARIA;1
MARIA DE HUERVA;2
MARIA DE LA SALUT;1
MARIN;7
MARINA DE CUDEYO;1
MARINALEDA;2
MARJALIZA;1
MARKINA-XEMEIN;4
MARMOLEJO;5
MARRATXI;8
MARTIN DE LA JARA;1
MARTIN DEL RIO;1
MARTORELL;8
MARTORELLES;2
MARTOS;11
MAS DE LAS MATAS;2
MASIDE;1
MASNOU (EL);5
MASQUEFA;3
MASSALFASSAR;1
MASSAMAGRELL;6
MASSANASSA;4
MATA (LA);1
MATADEPERA;3
MATALLANA DE TORIO;1
MATANZA DE ACENTEJO (LA);3
MATARO;25
MATILLA DE LOS CAÑOS DEL RIO;1
MAYORGA;3
MAZALEON;2
MAZARAMBROZ;1
MAZARICOS;1
MAZARRON;10
MAÇANET DE CABRENYS;1
MAÇANET DE LA SELVA;2
MEAÑO;2
MECO;4
MEDELLIN;2
MEDIANA DE ARAGON;1
MEDINA DE LAS TORRES;1
MEDINA DE POMAR;5
MEDINA DE RIOSECO;7
MEDINA DEL CAMPO;9
MEDINA SIDONIA;4
MEDINACELI;1
MEDIO CUDEYO;4
MEIRA;3
MEIS;1
MEJORADA DEL CAMPO;5
MELGAR DE FERNAMENTAL;3
MELIANA;4
MELIDA;2
MELIDE;5
MELILLA;11
MEMBRILLA;3
MENASALBAS;2
MENDARO;1
MENDAVIA;2
MENDIGORRIA;2
MENGABRIL;1
MENGIBAR;6
MENTRIDA;3
MENÀRGUENS;1
MEQUINENZA;2
MERCA (A);1
MERCADAL (ES);2
MERIDA;24
MERINDAD DE RIO UBIERNA;3
MERINDAD DE VALDEPORRES;1
MESAS (LAS);2
MESEGAR DE TAJO;1
MESIA;1
MESONES DE ISUELA;1
MESTANZA;1
MEZQUITA (A);1
MIAJADAS;8
MIEDES DE ARAGON;2
MIENGO;1
MIERES;10
MIGJORN GRAN (ES);1
MIGUEL ESTEBAN;3
MIGUELTURRA;5
MIJARES;1
MIJAS;22
MILAGRO;2
MILAGROS;1
MINAS DE RIOTINTO;2
MINAYA;2
MINGLANILLA;3
MIRA;2
MIRAFLORES DE LA SIERRA;1
MIRALCAMP;1
MIRANDA DE ARGA;2
MIRANDA DE EBRO;12
MIRANDA DEL CASTAÑAR;1
MIRANDILLA;2
MISLATA;11
MIÑO;3
MOAÑA;5
MOCEJON;3
MOCLIN;4
MOECHE;1
MOGAN;10
MOGENTE/MOIXENT;3
MOGUER;10
MOHEDAS DE LA JARA;1
MOIÀ;2
MOJACAR;7
MOJADOS;2
MOJONERA (LA);5
MOLAR (EL);1
MOLARES (LOS);2
MOLINA DE ARAGON;5
MOLINA DE SEGURA;16
MOLINOS (LOS);1
MOLINS DE REI;10
MOLLERUSSA;5
MOLLET DEL VALLÈS;12
MOLLINA;3
MOLVIZAR;2
MONACHIL;4
MONCADA;7
MONCOFA;3
MONDA;2
MONDARIZ;1
MONDEJAR;4
MONDOÑEDO;2
MONEGRILLO;1
MONESTERIO;6
MONFERO;1
MONFORTE DE LEMOS;6
MONFORTE DEL CID;3
MONISTROL DE MONTSERRAT;2
MONOVAR/MONOVER;6
MONREAL DE ARIZA;1
MONREAL DEL CAMPO;3
MONREAL/ELO;1
MONROYO;2
MONT-RAS;1
MONTALBAN;2
MONTALBAN DE CORDOBA;4
MONTALBANEJO;1
MONTALBO;1
MONTANCHEZ;2
MONTANEJOS;1
MONTAVERNER;2
MONTBLANC;4
MONTBRIO DEL CAMP;1
MONTCADA I REIXAC;9
MONTEAGUDO;2
MONTEAGUDO DE LAS VICARIAS;1
MONTEALEGRE DEL CASTILLO;1
MONTEARAGON;1
MONTEDERRAMO;1
MONTEFRIO;2
MONTEHERMOSO;5
MONTEJAQUE;1
MONTEJICAR;2
MONTELLANO;3
MONTELLÀ I MARTINET;1
MONTEMAYOR;2
MONTEMOLIN;1
MONTERROSO;2
MONTERRUBIO DE LA SERENA;4
MONTESINOS (LOS);3
MONTGAI;1
MONTGAT;2
MONTIEL;1
MONTIJO;9
MONTILLA;9
MONTILLANA;2
MONTIZON;2
MONTMAJOR;1
MONTMELO;2
MONTORNÈS DEL VALLÈS;4
MONTORO;6
MONTROI/MONTROY;1
MONTROIG DEL CAMP;5
MONTSERRAT;2
MONTURQUE;3
MONTUÏRI;1
MONZON;7
MORA;6
MORA D'EBRE;3
MORA DE RUBIELOS;2
MORA LA NOVA;1
MORAL DE CALATRAVA;3
MORALEDA DE ZAFAYONA;2
MORALEJA;6
MORALEJA DE ENMEDIO;2
MORALEJA DEL VINO;1
MORALES DEL VINO;2
MORALINA;1
MORALZARZAL;2
MORATA DE JALON;2
MORATA DE TAJUÑA;3
MORATALLA;3
MORAÑA;2
MORCIN;1
MORELABOR;2
MORELL (EL);2
MORELLA;2
MORERA (LA);1
MORILES;3
MORON DE LA FRONTERA;7
MOROS;1
MOS;2
MOSQUERUELA;2
MOSTOLES;49
MOTA DEL CUERVO;4
MOTA DEL MARQUES;1
MOTILLA DEL PALANCAR;6
MOTILLEJA;1
MOTRIL;17
MOYA;1
MOYUELA;1
MOZONCILLO;2
MUEL;2
MUELA (LA);2
MUGARDOS;1
MUIÑOS;1
MULA;4
MUNDAKA;1
MUNEBREGA;2
MUNERA;2
MUNGIA;7
MUNIESA;2
MURCHANTE;2
MURCIA;193
MURIETA;2
MURILLO DE RIO LEZA;2
MURILLO EL CUENDE;1
MURILLO EL FRUTO;2
MURO;2
MURO DE ALCOY;7
MUROS;7
MUSEROS;3
MUSKIZ;3
MUTRIKU;4
MUTXAMEL;5
MUXIA;2
MUÑANA;1
NACIMIENTO;1
NAJERA;7
NALDA;1
NAMBROCA;1
NARON;10
NAUT ARAN;3
NAVA;3
NAVA DE LA ASUNCION;3
NAVA DE RICOMALILLO (LA);2
NAVA DE SANTIAGO (LA);1
NAVA DEL REY;3
NAVACERRADA;1
NAVACONCEJO;1
NAVAHERMOSA;2
NAVALAGAMELLA;1
NAVALCAN;1
NAVALCARNERO;6
NAVALENO;1
NAVALMANZANO;2
NAVALMORAL;1
NAVALMORAL DE LA MATA;8
NAVALMORALES (LOS);1
NAVALPERAL DE PINARES;1
NAVALPINO;1
NAVALUCILLOS (LOS);1
NAVALUENGA;2
NAVALVILLAR DE PELA;4
NAVAMORCUENDE;1
NAVARCLES;3
NAVARIDAS;1
NAVARREDONDA DE GREDOS;2
NAVARRES;2
NAVARRETE;4
NAVARREVISCA;1
NAVAS DE JORQUERA;1
NAVAS DE LA CONCEPCION(LAS);2
NAVAS DE ORO;2
NAVAS DE SAN JUAN;2
NAVAS DEL MARQUES (LAS);4
NAVAS DEL REY;1
NAVASCUES/NABASKOZE;1
NAVIA;8
NAVIA DE SUARNA;2
NAVÀS;3
NEDA;1
NEGREIRA;4
NERJA;12
NERPIO;1
NERVA;2
NEVADA;1
NEVES (AS);1
NIEBLA;2
NIGRAN;5
NIGÜELAS;1
NIJAR;15
NOAIN (VALLE DE ELORZ)/NOAIN (ELORTZIBAR);4
NOALEJO;3
NOBLEJAS;2
NOEZ;1
NOGALES;1
NOGUEIRA DE RAMUIN;1
NOIA;6
NOJA;3
NOMBELA;1
NONASPE;2
NOREÑA;4
NOVALLAS;1
NOVELDA;7
NOVELE/NOVETLÈ;1
NOVES;1
NOVILLAS;1
NUCIA (LA);5
NUEVA CARTEYA;3
NUEVALOS;1
NUEVO BAZTAN;1
NULES;6
NUMANCIA DE LA SAGRA;1
NUÑOMORAL;1
NÀQUERA/NAQUERA;2
OBANOS;2
OCAÑA;5
OCHAGAVIA/OTSAGABIA;2
ODON;1
OGIJARES;4
OHANES;1
OIA;1
OIARTZUN;4
OJEN;1
OJOS NEGROS;2
OLAZTI/OLAZAGUTIA;1
OLEIROS;9
OLESA DE MONTSERRAT;3
OLIANA;2
OLIAS DEL REY;3
OLIETE;1
OLITE/ERRIBERRI;2
OLIVA;8
OLIVA (LA);8
OLIVA DE LA FRONTERA;3
OLIVA DE MERIDA;1
OLIVARES;3
OLIVENZA;10
OLLERIA (L');6
OLMEDO;5
OLOCAU;1
OLOMBRADA;1
OLOT;8
OLULA DEL RIO;3
OLVEGA;3
OLVERA;5
OLÈRDOLA;1
ONDA;10
ONDARA;5
ONDARROA;4
ONIL;2
ONIS;1
ONTINYENT;14
ONTIÑENA;2
ONTUR;2
ONZONILLA;1
ORBA;2
ORCE;2
ORCERA;3
ORDES;5
ORDIZIA;6
ORELLANA LA VIEJA;2
ORGANYÀ;2
ORGAZ;1
ORGIVA;2
ORIA;1
ORIHUELA;37
ORIHUELA DEL TREMEDAL;1
ORIO;4
ORKOIEN;2
ORMAIZTEGI;2
OROPESA;1
OROPESA DEL MAR/ORPESA;3
OROSO;2
OROTAVA (LA);8
OROZKO;3
ORTIGUEIRA;4
ORTUELLA;4
OSA DE LA VEGA;1
OSORNO LA MAYOR;2
OSSA DE MONTIEL;2
OSSO DE CINCA;1
OSUNA;6
OTEIZA;2
OTERO DE HERREROS;1
OTIVAR;2
OTXANDIO;1
OURENSE;43
OUROL;1
OUTEIRO DE REI;1
OUTES;2
OVIEDO;101
OYON-OION;3
OZA-CESURAS;1
OÑA;2
OÑATI;7
PADERNE DE ALLARIZ;1
PADRON;4
PADUL;2
PADULES;1
PAIPORTA;7
PAJARA;6
PALACIOS DE LA SIERRA;2
PALACIOS Y VILLAFRANCA(LOS);7
PALAFOLLS;2
PALAFRUGELL;6
PALAMOS;4
PALAS DE REI;2
PALAU D'ANGLESOLA (EL);1
PALAU-SAVERDERA;1
PALAU-SOLITÀ I PLEGAMANS;4
PALENCIA;28
PALENCIANA;1
PALLARESOS (ELS);1
PALLEJÀ;3
PALMA;143
PALMA DE CERVELLO (LA);1
PALMA DE GANDIA;1
PALMA DEL CONDADO (LA);3
PALMA DEL RIO;8
PALMAS DE GRAN CANARIA (LAS);99
PALOMARES DEL CAMPO;2
PALOMARES DEL RIO;2
PALOMAS;1
PALOS DE LA FRONTERA;6
PALS;1
PAMPLIEGA;1
PAMPLONA/IRUÑA;106
PANCORBO;2
PANIZA;2
PANTICOSA;1
PANTOJA;1
PANTON;2
PAPIOL (EL);3
PARACUELLOS DE JARAMA;7
PARADA DE SIL;1
PARADAS;2
PARADELA;1
PARADINAS DE SAN JUAN;1
PAREDES DE NAVA;3
PARETS DEL VALLÈS;6
PARLA;22
PARRA (LA);2
PARRES;4
PASAIA;10
PASO (EL);2
PASTORIZA (A);2
PASTRANA;2
PASTRIZ;1
PATERNA;22
PATERNA DE RIVERA;1
PATERNA DEL CAMPO;2
PATERNA DEL MADERA;1
PAYMOGO;1
PAZOS DE BORBEN;1
PEAL DE BECERRO;3
PECHINA;1
PEDERNOSO (EL);1
PEDRAFITA DO CEBREIRO;1
PEDRAJAS DE SAN ESTEBAN;2
PEDRALBA;1
PEDREGUER;3
PEDRERA;3
PEDREZUELA;1
PEDRO ABAD;1
PEDRO BERNARDO;1
PEDRO MARTINEZ;1
PEDRO MUÑOZ;4
PEDROCHE;2
PEDROLA;3
PEDROSO (EL);1
PEDROÑERAS (LAS);4
PEGALAJAR;1
PEGO;4
PELAHUSTAN;1
PELAYOS DE LA PRESA;1
PELIGROS;3
PENELLES;1
PENISCOLA/PEÑISCOLA;4
PEPINO;1
PERAL (EL);1
PERALADA;1
PERALEDA DEL ZAUCEJO;1
PERALES DE TAJUÑA;1
PERALES DEL ALFAMBRA;2
PERALTA DE ALCOFEA;2
PERALTA/AZKOIEN;5
PERDIGUERA;2
PEREIRO DE AGUIAR (O);2
PERELLO (EL);1
PERIANA;1
PEROXA (A);1
PETRA;1
PETRER;8
PETROLA;1
PEZA (LA);1
PEÑAFIEL;7
PEÑAFLOR;2
PEÑALBA;2
PEÑALSORDO;1
PEÑAMELLERA BAJA;1
PEÑARANDA DE BRACAMONTE;5
PEÑARANDA DE DUERO;1
PEÑARROYA DE TASTAVINS;2
PEÑARROYA-PUEBLONUEVO;3
PEÑAS DE SAN PEDRO;2
PICANYA;4
PICASSENT;6
PICAZO (EL);1
PIEDRABUENA;3
PIEDRAHITA;4
PIEDRALAVES;2
PIELAGOS;4
PIERA;3
PILAR DE LA HORADADA;7
PILAS;4
PILOÑA;3
PINA DE EBRO;2
PINAR (EL);1
PINAR DE EL HIERRO (EL);2
PINAREJO;1
PINEDA DE MAR;5
PINO (O);1
PINOFRANQUEADO;2
PINOS (EL)/PINOSO;4
PINOS GENIL;1
PINOS PUENTE;5
PINSEQUE;2
PINTO;15
PIORNAL;1
PIOZ;1
PITILLAS;2
PIZARRA;4
PIÑAR;2
PLA DE SANTA MARIA (EL);2
PLA DEL PENEDÈS (EL);1
PLAN;1
PLANES D'HOSTOLES (LES);1
PLASENCIA;17
PLASENCIA DE JALON;1
PLENTZIA;4
PLIEGO;2
POBLA (SA);5
POBLA DE CLARAMUNT (LA);2
POBLA DE FARNALS (LA);2
POBLA DE LILLET (LA);1
POBLA DE MONTORNÈS (LA);1
POBLA DE SEGUR (LA);2
POBLA DE VALLBONA (LA);8
POBLA DEL DUC (LA);3
POBLA LLARGA (LA);3
POBLETE;1
POBRA DE TRIVES (A);1
POBRA DO BROLLON (A);2
POBRA DO CARAMIÑAL (A);4
POIO;4
POL;2
POLA DE GORDON (LA);1
POLAN;2
POLANCO;1
POLINYÀ;3
POLINYÀ DE XUQUER;1
POLLENÇA;12
POLOP;2
POLOPOS;1
PONFERRADA;25
PONT D'ARMENTERA (EL);1
PONT DE SUERT (EL);2
PONT DE VILOMARA I ROCAFORT(EL);1
PONTE CALDELAS;1
PONTEAREAS;6
PONTECESO;5
PONTECESURES;1
PONTEDEUME;4
PONTENOVA (A);1
PONTES DE GARCIA RODRIGUEZ(AS);5
PONTEVEDRA;24
PONTS;3
PORCUNA;6
PORQUERES;1
PORRERES;3
PORRIÑO (O);8
PORT DE LA SELVA (EL);1
PORTAS;1
PORTBOU;1
PORTELLADA (LA);1
PORTILLO;3
PORTILLO DE TOLEDO;1
PORTO DO SON;3
PORTOMARIN;1
PORTUGALETE;15
PORZUNA;2
POSADAS;4
POTES;4
POVEDILLA;1
POZA DE LA SAL;1
POZO ALCON;2
POZO CAÑADA;1
POZO DE GUADALAJARA;2
POZO-LORENTE;1
POZOAMARGO;1
POZOBLANCO;8
POZOHONDO;1
POZUELO DE ALARCON;26
POZUELO DE CALATRAVA;3
POZUELOS DE CALATRAVA(LOS);1
PRADEJON;4
PRADENA;1
PRADES;1
PRADILLA DE EBRO;1
PRADO DEL REY;2
PRADOLUENGO;3
PRAT DE LLOBREGAT (EL);21
PRATS DE LLUÇANÈS;2
PRAVIA;4
PREMIÀ DE DALT;2
PREMIÀ DE MAR;5
PRESES (LES);1
PRIARANZA DEL BIERZO;1
PRIEGO;1
PRIEGO DE CORDOBA;7
PROVENCIO (EL);2
PRUNA;2
PUEBLA DE ALCOCER;2
PUEBLA DE ALFINDEN (LA);3
PUEBLA DE ALMENARA;1
PUEBLA DE ALMORADIEL (LA);2
PUEBLA DE ARGANZON (LA);1
PUEBLA DE CASTRO (LA);1
PUEBLA DE CAZALLA (LA);3
PUEBLA DE DON FADRIQUE;2
PUEBLA DE DON RODRIGO;1
PUEBLA DE GUZMAN;2
PUEBLA DE HIJAR (LA);2
PUEBLA DE LA CALZADA;5
PUEBLA DE LA REINA;1
PUEBLA DE LILLO;1
PUEBLA DE LOS INFANTES(LA);2
PUEBLA DE MONTALBAN (LA);4
PUEBLA DE OBANDO;2
PUEBLA DE SANABRIA;5
PUEBLA DE SANCHO PEREZ;2
PUEBLA DE VALVERDE (LA);1
PUEBLA DEL MAESTRE;1
PUEBLA DEL PRINCIPE;1
PUEBLA DEL PRIOR;1
PUEBLA DEL RIO (LA);2
PUEBLA DEL SALVADOR;1
PUEBLANUEVA (LA);1
PUEBLONUEVO DE MIRAMONTES;1
PUEBLONUEVO DEL GUADIANA;1
PUENTE DE DOMINGO FLOREZ;1
PUENTE DE GENAVE;2
PUENTE DEL ARZOBISPO (EL);2
PUENTE GENIL;8
PUENTE LA REINA/GARES;2
PUENTE VIESGO;1
PUERTA DE SEGURA (LA);2
PUERTO DE LA CRUZ;11
PUERTO DE SANTA MARIA (EL);20
PUERTO DEL ROSARIO;8
PUERTO LAPICE;2
PUERTO LUMBRERAS;6
PUERTO REAL;8
PUERTO SERRANO;2
PUERTOLLANO;12
PUIG DE SANTA MARIA (EL);3
PUIG-REIG;3
PUIGCERDÀ;3
PUIGPUNYENT;1
PULGAR;1
PULIANAS;1
PULPI;4
PUNTA UMBRIA;5
PUNTAGORDA;2
PUNTALLANA;1
PURCHENA;1
PURULLENA;2
PUÇOL;6
QUART;1
QUART DE POBLET;7
QUARTELL;1
QUATRETONDA;2
QUEL;3
QUENTAR;1
QUERO;1
QUESADA;5
QUIJORNA;1
QUINTANA DE LA SERENA;4
QUINTANAR DE LA ORDEN;6
QUINTANAR DE LA SIERRA;3
QUINTANAR DEL REY;5
QUINTO;2
QUIROGA;1
RABADE;1
RAFAL;2
RAFALES;1
RAFELBUNYOL;4
RAFELGUARAF;1
RAMALES DE LA VICTORIA;3
RAMBLA (LA);3
RAMIRAS;1
RASCAFRIA;1
REAL;2
REAL DE LA JARA (EL);2
REAL DE SAN VICENTE (EL);2
REAL SITIO DE SAN ILDEFONSO;2
REALEJOS (LOS);12
RECAS;1
RECUEJA (LA);1
REDONDELA;7
REDOVAN;2
REGUERAS (LAS);1
REINOSA;5
RELLEU;1
REMOLINOS;2
RENA;1
RENEDO DE ESGUEVA;1
REOCIN;3
REQUENA;9
RETAMAL DE LLERENA;1
RETUERTA DEL BULLAQUE;1
REUS;22
RIALP;1
RIANXO;4
RIAZA;2
RIAÑO;1
RIBA-ROJA D'EBRE;1
RIBA-ROJA DE TURIA;4
RIBADAVIA;3
RIBADEDEVA;1
RIBADEO;7
RIBADESELLA;3
RIBADUMIA;1
RIBAFORADA;2
RIBAFRECHA;2
RIBAMONTAN AL MAR;3
RIBEIRA;7
RIBERA DE ARRIBA;1
RIBERA DEL FRESNO;3
RIBES DE FRESER;2
RIBESALBES;2
RICLA;2
RICOTE;1
RIELLO;1
RIELLS I VIABREA;1
RINCON DE LA VICTORIA;10
RINCON DE SOTO;5
RINCONADA (LA);9
RIOFRIO DE ALISTE;1
RIOGORDO;2
RIOJA;1
RIOLA;1
RIONANSA;1
RIOPAR;1
RIOS;1
RIOSA;1
RIOTORTO;1
RIPOLL;4
RIPOLLET;4
RIUDARENES;1
RIUDELLOTS DE LA SELVA;1
RIUDOMS;2
RIVAS-VACIAMADRID;19
ROA;4
ROBLA (LA);3
ROBLEDO (EL);2
ROBLEDO DE CHAVELA;1
ROBLEDO DEL MAZO;1
ROBRES;2
ROCA DE LA SIERRA (LA);2
ROCA DEL VALLÈS (LA);2
ROCAFORT;2
ROCIANA DEL CONDADO;2
RODA (LA);8
RODA DE ANDALUCIA (LA);3
RODA DE BERÀ;2
RODA DE TER;2
RODEIRO;1
ROIS;1
ROJALES;8
ROMANA (LA);2
ROMERAL (EL);1
RONCAL/ERRONKARI;1
RONDA;13
RONQUILLO (EL);1
ROQUETAS DE MAR;26
ROQUETES;2
ROSAL (O);2
ROSAL DE LA FRONTERA;1
ROSALEJO;1
ROSARIO (EL);2
ROSES;5
ROSSELL;1
ROSSELLO;2
ROTA;8
ROTOVA;1
ROZAS DE MADRID (LAS);27
RUA (A);2
RUBI;14
RUBIA;1
RUBIELOS DE MORA;2
RUBIO (EL);2
RUEDA;2
RUIDERA;1
RUS;3
RUTE;6
SABADELL;47
SABIOTE;3
SABIÑAN;2
SABIÑANIGO;5
SACEDON;3
SACERUELA;1
SACRAMENIA;1
SADA;5
SADABA;2
SAELICES;1
SAGUNTO/SAGUNT;20
SAHAGUN;7
SALAMANCA;61
SALAR;2
SALAS;3
SALAS DE LOS INFANTES;4
SALCEDA DE CASELAS;2
SALDAÑA;6
SALINAS;1
SALINES (SES);3
SALLENT;3
SALLENT DE GALLEGO;2
SALOBRE;2
SALOBREÑA;5
SALOU;4
SALT;3
SALTERAS;2
SALVACAÑETE;1
SALVALEON;2
SALVATERRA DE MIÑO;2
SALVATIERRA DE LOS BARROS;2
SAMPER DE CALANDA;2
SAN ADRIAN;5
SAN AGUSTIN DEL GUADALIX;5
SAN AMARO;1
SAN ANDRES DEL RABANEDO;6
SAN ANDRES Y SAUCES;4
SAN ANTONIO DE BENAGEBER;1
SAN ASENSIO;2
SAN BARTOLOME;6
SAN BARTOLOME DE LA TORRE;2
SAN BARTOLOME DE LAS ABIERTAS;1
SAN BARTOLOME DE PINARES;1
SAN BARTOLOME DE TIRAJANA;20
SAN CARLOS DEL VALLE;1
SAN CIBRAO DAS VIÑAS;2
SAN CLEMENTE;5
SAN CRISTOBAL DE ENTREVIÑAS;2
SAN CRISTOBAL DE LA LAGUNA;34
SAN CRISTOBAL DE SEGOVIA;1
SAN CRISTOVO DE CEA;1
SAN ESTEBAN DE GORMAZ;3
SAN ESTEBAN DE LITERA;1
SAN ESTEBAN DEL VALLE;1
SAN FELICES DE BUELNA;1
SAN FERNANDO;18
SAN FERNANDO DE HENARES;11
SAN FULGENCIO;3
SAN JAVIER;16
SAN JOSE DEL VALLE;1
SAN JUAN DE AZNALFARACHE;5
SAN JUAN DE LA RAMBLA;2
SAN JUAN DE PLAN;1
SAN JUAN DEL PUERTO;2
SAN LEONARDO DE YAGÜE;1
SAN LORENZO DE CALATRAVA;1
SAN LORENZO DE EL ESCORIAL;4
SAN LORENZO DE LA PARRILLA;1
SAN MARTIN DE LA VEGA;4
SAN MARTIN DE MONTALBAN;1
SAN MARTIN DE OSCOS;1
SAN MARTIN DE PUSA;1
SAN MARTIN DE UNX;2
SAN MARTIN DE VALDEIGLESIAS;3
SAN MARTIN DEL REY AURELIO;6
SAN MARTIN DEL TESORILLO;1
SAN MATEO DE GALLEGO;2
SAN MIGUEL DE ABONA;6
SAN MIGUEL DE SALINAS;3
SAN MIGUEL DEL CINCA;2
SAN NICOLAS DEL PUERTO;1
SAN PABLO DE LOS MONTES;2
SAN PEDRO;1
SAN PEDRO DE GAILLOS;1
SAN PEDRO DE MERIDA;1
SAN PEDRO DEL ARROYO;2
SAN PEDRO DEL PINATAR;8
SAN PEDRO MANRIQUE;1
SAN ROQUE;14
SAN SADURNIÑO;1
SAN SEBASTIAN DE LA GOMERA;4
SAN SEBASTIAN DE LOS BALLESTEROS;1
SAN SEBASTIAN DE LOS REYES;23
SAN SILVESTRE DE GUZMAN;1
SAN TIRSO DE ABRES;1
SAN VICENTE DE ALCANTARA;5
SAN VICENTE DE LA BARQUERA;3
SAN VICENTE DE LA SONSIERRA;3
SAN VICENTE DEL RASPEIG/SANT VICENT DEL RASPEIG;12
SANCHIDRIAN;1
SANCHONUÑO;2
SANDIAS;1
SANGARCIA;2
SANGÜESA/ZANGOZA;2
SANLUCAR DE BARRAMEDA;14
SANLUCAR DE GUADIANA;1
SANLUCAR LA MAYOR;5
SANT ADRIÀ DE BESÒS;10
SANT ANDREU DE LA BARCA;5
SANT ANDREU DE LLAVANERES;3
SANT ANTONI DE PORTMANY;7
SANT ANTONI DE VILAMAJOR;2
SANT BOI DE LLOBREGAT;17
SANT CARLES DE LA RÀPITA;3
SANT CEBRIÀ DE VALLALTA;1
SANT CELONI;4
SANT CLIMENT DE LLOBREGAT;2
SANT CLIMENT SESCEBES;1
SANT CUGAT DEL VALLÈS;22
SANT ESTEVE SESROVIRES;3
SANT FELIU DE CODINES;3
SANT FELIU DE GUIXOLS;4
SANT FELIU DE LLOBREGAT;12
SANT FELIU DE PALLEROLS;1
SANT FOST DE CAMPSENTELLES;1
SANT FRUITOS DE BAGES;3
SANT GREGORI;1
SANT HILARI SACALM;1
SANT HIPÒLIT DE VOLTREGÀ;2
SANT ISCLE DE VALLALTA;1
SANT JAUME D'ENVEJA;1
SANT JAUME DELS DOMENYS;1
SANT JOAN;1
SANT JOAN D'ALACANT;8
SANT JOAN DE LABRITJA;2
SANT JOAN DE LES ABADESSES;1
SANT JOAN DE MORO;2
SANT JOAN DE VILATORRADA;3
SANT JOAN DESPI;8
SANT JOAN LES FONTS;1
SANT JORDI DESVALLS;1
SANT JORDI/SAN JORGE;1
SANT JOSEP DE SA TALAIA;5
SANT JULIÀ DE RAMIS;1
SANT JULIÀ DE VILATORTA;2
SANT JULIÀ DEL LLOR I BONMATI;1
SANT JUST DESVERN;4
SANT LLORENÇ DE MORUNYS;1
SANT LLORENÇ DES CARDASSAR;4
SANT LLUIS;1
SANT MARTI DE TOUS;1
SANT MARTI SARROCA;2
SANT MATEU;2
SANT PAU DE SEGURIES;1
SANT PERE DE RIBES;6
SANT PERE DE RIUDEBITLLES;2
SANT PERE DE TORELLO;1
SANT PERE PESCADOR;1
SANT POL DE MAR;1
SANT QUINTI DE MEDIONA;2
SANT QUIRZE DE BESORA;2
SANT QUIRZE DEL VALLÈS;4
SANT SADURNI D'ANOIA;4
SANT SALVADOR DE GUARDIOLA;1
SANT VICENÇ DE CASTELLET;3
SANT VICENÇ DE MONTALT;1
SANT VICENÇ DELS HORTS;4
SANTA AMALIA;6
SANTA ANA DE PUSA;1
SANTA BRIGIDA;3
SANTA BÀRBARA;1
SANTA COLOMA DE CERVELLO;3
SANTA COLOMA DE FARNERS;4
SANTA COLOMA DE GRAMENET;21
SANTA COLOMA DE QUERALT;2
SANTA COMBA;3
SANTA CRISTINA D'ARO;1
SANTA CRISTINA DE LA POLVOROSA;2
SANTA CRUZ DE BEZANA;5
SANTA CRUZ DE LA PALMA;7
SANTA CRUZ DE LA ZARZA;2
SANTA CRUZ DE LOS CAÑAMOS;1
SANTA CRUZ DE MOYA;1
SANTA CRUZ DE MUDELA;3
SANTA CRUZ DE TENERIFE;76
SANTA CRUZ DEL COMERCIO;1
SANTA CRUZ DEL RETAMAR;2
SANTA ELENA;1
SANTA EUFEMIA;1
SANTA EUGÈNIA;1
SANTA EULALIA;2
SANTA EULALIA DE OSCOS;1
SANTA EULÀLIA DE RONÇANA;2
SANTA EULÀRIA DES RIU;13
SANTA FE;5
SANTA LUCIA DE TIRAJANA;12
SANTA MARGALIDA;5
SANTA MARGARIDA DE MONTBUI;3
SANTA MARGARIDA I ELS MONJOS;3
SANTA MARIA D'OLO;1
SANTA MARIA DE CAYON;5
SANTA MARIA DE GUIA DE GRAN CANARIA;2
SANTA MARIA DE LOS LLANOS;1
SANTA MARIA DE PALAUTORDERA;2
SANTA MARIA DEL CAMI;2
SANTA MARIA DEL CAMPO;2
SANTA MARIA DEL CAMPO RUS;1
SANTA MARIA DEL PARAMO;7
SANTA MARIA LA REAL DE NIEVA;2
SANTA MARTA;4
SANTA MARTA DE TORMES;6
SANTA OLALLA;3
SANTA OLALLA DEL CALA;2
SANTA PAU;1
SANTA PERPÈTUA DE MOGODA;5
SANTA POLA;9
SANTA SUSANNA;1
SANTA URSULA;3
SANTACARA;2
SANTAELLA;4
SANTANDER;76
SANTANYI;9
SANTIAGO DE CALATRAVA;1
SANTIAGO DE COMPOSTELA;39
SANTIAGO DEL TEIDE;5
SANTIAGO-PONTONES;3
SANTIBAÑEZ DE VIDRIALES;1
SANTILLANA DEL MAR;2
SANTIPONCE;2
SANTISTEBAN DEL PUERTO;4
SANTIUSTE DE SAN JUAN BAUTISTA;1
SANTO DOMINGO DE LA CALZADA;8
SANTO DOMINGO-CAUDILLA;2
SANTO TOME;2
SANTOMERA;6
SANTOS DE MAIMONA (LOS);6
SANTOVENIA DE PISUERGA;1
SANTOÑA;6
SANTPEDOR;3
SANTURTZI;11
SANXENXO;7
SARIEGO;1
SARIÑENA;4
SARRAL;1
SARREAUS;1
SARRIA;6
SARRION;2
SARRIÀ DE TER;2
SARTAGUDA;2
SASAMON;3
SASTAGO;2
SAUCEJO (EL);2
SAUS, CAMALLERA I LLAMPAIES;1
SAUZAL (EL);4
SAVIÑAO (O);1
SAX;6
SECA (LA);1
SEDAVI;4
SEGORBE;6
SEGOVIA;28
SEGURA;1
SEGURA DE LA SIERRA;1
SEGURA DE LEON;2
SEGURILLA;1
SELAYA;1
SELLA;1
SELVA;1
SELVA DEL CAMP (LA);1
SENA;2
SENCELLES;1
SENIA (LA);1
SENTMENAT;3
SEPULVEDA;2
SERINYÀ;1
SERON;1
SERON DE NAGIMA;1
SERRADA;1
SERÒS;1
SESA;1
SESEÑA;5
SESMA;2
SESTAO;8
SETENIL DE LAS BODEGAS;1
SETILES;1
SEU D'URGELL (LA);6
SEVA;1
SEVILLA;239
SEVILLA LA NUEVA;2
SEVILLEJA DE LA JARA;1
SIERO;20
SIERRA DE FUENTES;1
SIERRA DE YEGUAS;1
SIERRA ENGARCERAN;1
SIGÜENZA;5
SILES;2
SILLA;7
SILLEDA;5
SILOS (LOS);2
SILS;2
SIMANCAS;1
SIMAT DE LA VALLDIGNA;1
SINARCAS;1
SINEU;1
SIRUELA;3
SISANTE;2
SITGES;7
SOBER;1
SOBRADIEL;1
SOBRADO;1
SOBRESCOBIO;1
SOCOVOS;2
SOCUELLAMOS;5
SOLANA (LA);6
SOLANA DE LOS BARROS;2
SOLANA DEL PINO;1
SOLIVELLA;1
SOLLANA;2
SOLLER;7
SOLOSANCHO;1
SOLSONA;5
SOMIEDO;1
SOMOZAS (AS);1
SON SERVERA;5
SONDIKA;6
SONEJA;2
SONSECA;5
SOPELA;4
SOPUERTA;1
SORALUZE-PLACENCIA DE LAS ARMAS;2
SORBAS;2
SORIA;23
SORIHUELA;1
SORIHUELA DEL GUADALIMAR;1
SORT;1
SOS DEL REY CATOLICO;1
SOSES;2
SOTILLO DE LA ADRADA;4
SOTILLO DE LA RIBERA;2
SOTO DEL BARCO;1
SOTO DEL REAL;2
SOTO Y AMIO;2
SOTONERA (LA);1
SOUTOMAIOR;3
SUANCES;4
SUECA;10
SUNBILLA;2
SURIA;3
TABARA;2
TABERNAS;3
TABERNO;1
TABOADA;2
TACORONTE;4
TAFALLA;7
TAHA (LA);1
TALARRUBIAS;3
TALAVERA DE LA REINA;25
TALAVERA LA REAL;6
TALAYUELA;4
TALAYUELAS;1
TALES;1
TALIGA;1
TAMAJON;1
TAMAMES;2
TAMARITE DE LITERA;3
TANQUE (EL);2
TAPIA DE CASARIEGO;3
TARADELL;2
TARAMUNDI;1
TARANCON;7
TARAZONA;6
TARAZONA DE LA MANCHA;4
TARDAJOS;3
TARDELCUENDE;1
TARDIENTA;2
TARIFA;6
TARRAGONA;45
TAUSTE;4
TAVERNES BLANQUES;4
TAVERNES DE LA VALLDIGNA;6
TAZACORTE;3
TEBA;2
TEBAR;1
TEGUESTE;3
TEGUISE;5
TEIÀ;3
TEJEDA;1
TELDE;16
TEMBLEQUE;1
TEO;5
TERMENS;1
TEROR;2
TERRASSA;44
TERRER;2
TERRINCHES;1
TERUEL;19
TEULADA;8
TEVERGA;1
TIANA;3
TIAS;8
TIBI;1
TIEBAS-MURUARTE DE RETA;1
TIELMES;2
TIEMBLO (EL);2
TIJARAFE;2
TIJOLA;2
TINAJO;1
TINEO;6
TITAGUAS;1
TIVISSA;1
TOBARRA;4
TOBOSO (EL);1
TOCINA;3
TOEN;1
TOLEDO;51
TOLOSA;8
TOMARES;6
TOMELLOSO;11
TOMIÑO;3
TONA;2
TORAL DE LOS GUZMANES;1
TORAL DE LOS VADOS;2
TORDERA;5
TORDESILLAS;6
TORDOIA;1
TORDOMAR;1
TORELLO;4
TORENO;1
TORIJA;1
TORLA-ORDESA;2
TORNABOUS;1
TORNO (EL);1
TORO;7
TORRALBA DE CALATRAVA;2
TORRE DE ESTEBAN HAMBRAN(LA);1
TORRE DE JUAN ABAD;2
TORRE DE MIGUEL SESMERO;2
TORRE-CARDELA;1
TORRE-PACHECO;14
TORREBESSES;1
TORREBLANCA;3
TORREBLASCOPEDRO;2
TORRECILLA DE ALCAÑIZ;1
TORRECILLA EN CAMEROS;1
TORREDELCAMPO;7
TORREDEMBARRA;4
TORREDONJIMENO;7
TORREFARRERA;3
TORREGROSSA;2
TORREJON DE ARDOZ;36
TORREJON DE LA CALZADA;4
TORREJON DE VELASCO;1
TORREJON DEL REY;3
TORREJONCILLO;1
TORRELAGUNA;4
TORRELAVEGA;18
TORRELLES DE LLOBREGAT;1
TORRELODONES;6
TORREMANZANAS/TORRE DE LES MAÇANES (LA);1
TORREMEJIA;2
TORREMOLINOS;23
TORRENT;18
TORRENTE DE CINCA;2
TORRENUEVA;3
TORRENUEVA COSTA;2
TORREPEROGIL;2
TORRES;2
TORRES DE ALBANCHEZ;1
TORRES DE BERRELLEN;2
TORRES DE COTILLAS (LAS);5
TORRES DE LA ALAMEDA;1
TORRES DE SEGRE;1
TORRES DEL RIO;1
TORRESANDINO;3
TORREVIEJA;28
TORRICO;1
TORRIJO DE LA CAÑADA;1
TORRIJO DEL CAMPO;1
TORRIJOS;7
TORROELLA DE MONTGRI;6
TORROX;8
TORTOLA DE HENARES;1
TORTOSA;11
TORTUERA;1
TORVIZCON;1
TORÀ;2
TOSSA DE MAR;2
TOTALAN;1
TOTANA;9
TOTANES;1
TOURO;1
TOUS;1
TRABADA;1
TRAIGUERA;2
TRASPINEDO;1
TRAZO;1
TREBUJENA;2
TREMP;4
TRES CANTOS;13
TRESJUNCOS;1
TRESPADERNE;3
TREVELEZ;1
TRIACASTELA;1
TRIGUEROS;3
TRILLO;2
TRUCIOS-TURTZIOZ;1
TRUJILLANOS;1
TRUJILLO;7
TUDELA;15
TUDELA DE DUERO;6
TUEJAR;2
TUI;6
TUINEJE;4
TUREGANO;2
TURIS;2
TURLEQUE;1
TURON;1
TURRE;1
TÀRREGA;8
UBEDA;9
UBRIQUE;6
UCEDA;1
UGAO-MIRABALLES;4
UGENA;3
UGIJAR;2
UHARTE ARAKIL;2
ULEILA DEL CAMPO;1
ULLDECONA;1
ULLDEMOLINS;1
ULTZAMA;2
UMBRETE;2
UNCASTILLO;1
UNION (LA);6
URDA;1
URDAZUBI/URDAX;2
URDIAIN;1
URDULIZ;2
URDUÑA/ORDUÑA;3
URNIETA;4
URREA DE GAEN;1
URREA DE JALON;1
URRETXU;2
URROZ-VILLA;1
URUÑUELA;2
USAGRE;2
USED;2
USERAS/USERES (LES);1
USURBIL;3
UTEBO;8
UTIEL;5
UTRERA;14
UTRILLAS;2
VACARISSES;1
VADOCONDES;1
VAL DE SAN VICENTE;1
VAL DO DUBRA;3
VALADOURO (O);1
VALDEALGORFA;2
VALDECABALLEROS;1
VALDECARROS;1
VALDEFUENTES;2
VALDEGANGA;2
VALDEGOVIA/GAUBEA;1
VALDELACALZADA;4
VALDELTORMO;2
VALDEMORILLO;2
VALDEMORO;18
VALDEOLIVAS;1
VALDEOLMOS-ALALPARDO;1
VALDEPEÑAS;10
VALDEPEÑAS DE JAEN;3
VALDERAS;2
VALDERROBRES;2
VALDERRUBIO;2
VALDES;7
VALDETORRES;1
VALDETORRES DE JARAMA;1
VALDEVIMBRE;1
VALDILECHA;2
VALDOVIÑO;1
VALENCIA DE ALCANTARA;6
VALENCIA DE DON JUAN;9
VALENCIA DE LAS TORRES;1
VALENCIA DEL MOMBUEY;1
VALENCIA DEL VENTOSO;3
VALENCINA DE LA CONCEPCION;2
VALENZUELA;1
VALENZUELA DE CALATRAVA;1
VALERAS (LAS);3
VALGA;1
VALJUNQUERA;2
VALL D'ALBA;2
VALL D'EN BAS (LA);2
VALL D'UIXO (LA);12
VALL DE BOI (LA);1
VALLADA;4
VALLADOLID;121
VALLDEMOSSA;1
VALLE (EL);2
VALLE DE EGÜES/EGUESIBAR;4
VALLE DE HECHO;3
VALLE DE LA SERENA;1
VALLE DE LOSA;3
VALLE DE MENA;3
VALLE DE SANTA ANA;1
VALLE DE SANTIBAÑEZ;2
VALLE DE SEDANO;1
VALLE DE TOBALINA;2
VALLE DE TRAPAGA-TRAPAGARAN;5
VALLE DE VALDEBEZANA;2
VALLE DEL ZALABI;2
VALLE GRAN REY;2
VALLEHERMOSO;1
VALLESECO;1
VALLFOGONA DE BALAGUER;1
VALLIRANA;3
VALLROMANES;1
VALLS;7
VALMOJADO;3
VALOR;1
VALSEQUILLO;1
VALSEQUILLO DE GRAN CANARIA;1
VALTIERRA;2
VALVERDE;4
VALVERDE DE JUCAR;1
VALVERDE DE LA VIRGEN;3
VALVERDE DE LEGANES;4
VALVERDE DE MERIDA;1
VALVERDE DEL CAMINO;5
VALVERDE DEL FRESNO;2
VALVERDE DEL MAJANO;1
VALÈNCIA;277
VANDELLÒS I L'HOSPITALET DE L'INFANT;2
VARA DE REY;1
VEDRA;1
VEGA DE ESPINAREDA;1
VEGA DE PAS;1
VEGA DE SAN MATEO;4
VEGADEO;3
VEGAS DEL GENIL;2
VEIGA (A);1
VEJER DE LA FRONTERA;4
VELADA;2
VELEZ DE BENAUDALLA;2
VELEZ-BLANCO;1
VELEZ-MALAGA;27
VELEZ-RUBIO;3
VELILLA DE CINCA;1
VELILLA DE SAN ANTONIO;2
VENDRELL (EL);6
VENTA DE BAÑOS;6
VENTA DEL MORO;1
VENTAS CON PEÑA AGUILERA(LAS);1
VENTAS DE HUELMA;1
VENTAS DE RETAMOSA (LAS);1
VENTURADA;1
VERA;9
VERA DE MONCAYO;2
VERDU;1
VERGER (EL);4
VERGES;1
VERIN;5
VIANA;3
VIANA DO BOLO;2
VIATOR;2
VIC;14
VICAR;8
VICTORIA (LA);2
VICTORIA DE ACENTEJO (LA);2
VIDRERES;2
VIELHA E MIJARAN;4
VIGO;107
VILA DE CRUCES;1
VILA-REAL;12
VILA-RODONA;1
VILA-SECA;5
VILABERTRAN;1
VILABLAREIX;1
VILABOA;1
VILADECANS;10
VILADECAVALLS;2
VILADRAU;1
VILAFAMES;1
VILAFLOR DE CHASNA;1
VILAFRANCA DE BONANY;1
VILAFRANCA DEL PENEDÈS;11
VILAFRANCA/VILLAFRANCA DEL CID;2
VILAGARCIA DE AROUSA;8
VILAJUÏGA;1
VILALBA;6
VILALLER;1
VILALLONGA/VILLALONGA;1
VILAMARIN;1
VILAMARTIN DE VALDEORRAS;1
VILAMARXANT;3
VILANOVA DE AROUSA;3
VILANOVA DE LA BARCA;1
VILANOVA DE SEGRIÀ;1
VILANOVA DEL CAMI;3
VILANOVA DEL VALLÈS;3
VILANOVA I LA GELTRU;14
VILAR DE BARRIO;1
VILAR DE SANTOS;1
VILARDEVOS;1
VILARIÑO DE CONSO;1
VILASSAR DE DALT;3
VILASSAR DE MAR;5
VILAVELLA (LA);2
VILCHES;2
VILLA DE DON FADRIQUE (LA);2
VILLA DE MAZO;1
VILLA DE OTURA;2
VILLA DEL PRADO;3
VILLA DEL RIO;4
VILLABLANCA;2
VILLABLINO;4
VILLABONA;5
VILLABRAGIMA;1
VILLABUENA DE ALAVA/ESKUERNAGA;1
VILLACARRIEDO;1
VILLACARRILLO;7
VILLACASTIN;1
VILLACAÑAS;4
VILLACONEJOS;2
VILLACONEJOS DE TRABAQUE;1
VILLADA;1
VILLADANGOS DEL PARAMO;1
VILLADIEGO;3
VILLAESCUSA DE HARO;1
VILLAFAFILA;1
VILLAFRANCA;3
VILLAFRANCA DE CORDOBA;3
VILLAFRANCA DE EBRO;1
VILLAFRANCA DE LOS BARROS;9
VILLAFRANCA DE LOS CABALLEROS;3
VILLAFRANCA DEL BIERZO;4
VILLAFRANCA DEL CAMPO;1
VILLAFRANCA MONTES DE OCA;1
VILLAFRUELA;1
VILLAGARCIA DEL LLANO;2
VILLAGONZALO;1
VILLAGONZALO PEDERNALES;1
VILLAHARTA;1
VILLAHERMOSA;3
VILLAJOYOSA/VILA JOIOSA(LA);9
VILLALBA DE LOS BARROS;2
VILLALBA DEL ALCOR;2
VILLALBA DEL REY;1
VILLALBILLA;2
VILLALENGUA;1
VILLALGORDO DEL JUCAR;1
VILLALON DE CAMPOS;3
VILLALPANDO;4
VILLALPARDO;1
VILLALUENGA DE LA SAGRA;2
VILLAMALEA;3
VILLAMANRIQUE;1
VILLAMANRIQUE DE LA CONDESA;2
VILLAMANTA;1
VILLAMARTIN;4
VILLAMAYOR;1
VILLAMAYOR DE CALATRAVA;1
VILLAMAYOR DE GALLEGO;1
VILLAMAYOR DE SANTIAGO;2
VILLAMEDIANA DE IREGUA;3
VILLAMINAYA;1
VILLAMUELAS;1
VILLAMURIEL DE CERRATO;2
VILLANUBLA;2
VILLANUEVA DE ALCARDETE;1
VILLANUEVA DE ALCORON;1
VILLANUEVA DE ALGAIDAS;3
VILLANUEVA DE BOGAS;1
VILLANUEVA DE CASTELLON;3
VILLANUEVA DE CORDOBA;3
VILLANUEVA DE GALLEGO;3
VILLANUEVA DE HUERVA;1
VILLANUEVA DE LA CAÑADA;6
VILLANUEVA DE LA FUENTE;2
VILLANUEVA DE LA JARA;2
VILLANUEVA DE LA REINA;3
VILLANUEVA DE LA SERENA;16
VILLANUEVA DE LA TORRE;2
VILLANUEVA DE LA VERA;2
VILLANUEVA DE LAS CRUCES;1
VILLANUEVA DE LAS TORRES;1
VILLANUEVA DE LOS CASTILLEJOS;2
VILLANUEVA DE LOS INFANTES;5
VILLANUEVA DE OSCOS;1
VILLANUEVA DE SAN CARLOS;1
VILLANUEVA DE SAN JUAN;2
VILLANUEVA DE SIGENA;2
VILLANUEVA DE TAPIA;1
VILLANUEVA DEL ARISCAL;2
VILLANUEVA DEL ARZOBISPO;4
VILLANUEVA DEL FRESNO;4
VILLANUEVA DEL PARDILLO;4
VILLANUEVA DEL REY;1
VILLANUEVA DEL RIO Y MINAS;1
VILLANUEVA DEL ROSARIO;2
VILLANUEVA DEL TRABUCO;3
VILLANUEVA MESIA;2
VILLAPALACIOS;1
VILLAQUEJIDA;2
VILLAQUILAMBRE;2
VILLAQUIRAN DE LOS INFANTES;2
VILLAR DE ARNEDO (EL);1
VILLAR DE CAÑAS;1
VILLAR DE RENA;3
VILLAR DEL ARZOBISPO;2
VILLAR DEL COBO;1
VILLAR DEL REY;2
VILLARALBO;1
VILLARALTO;1
VILLARCAYO DE MERINDAD DE CASTILLA LA VIEJA;3
VILLARDOMPARDO;1
VILLAREJO DE FUENTES;1
VILLAREJO DE ORBIGO;6
VILLAREJO DE SALVANES;4
VILLAREJO-PERIESTEBAN;1
VILLARES (LOS);4
VILLARES DE LA REINA;3
VILLARES DEL SAZ;1
VILLARQUEMADO;2
VILLARRASA;2
VILLARROBLEDO;8
VILLARRODRIGO;1
VILLARROYA DE LA SIERRA;2
VILLARRUBIA DE LOS OJOS;5
VILLARRUBIA DE SANTIAGO;1
VILLARTA;1
VILLARTA DE SAN JUAN;1
VILLASECA DE LA SAGRA;1
VILLASEQUILLA;1
VILLASTAR;1
VILLATOBAS;2
VILLATORRES;3
VILLATUERTA;1
VILLATURIEL;2
VILLAVA/ATARRABIA;4
VILLAVALIENTE;1
VILLAVERDE DE GUADALIMAR;1
VILLAVERDE DEL RIO;2
VILLAVERDE Y PASACONSOL;1
VILLAVICIOSA;6
VILLAVICIOSA DE CORDOBA;1
VILLAVICIOSA DE ODON;12
VILLAVIEJA DE YELTES;1
VILLAYON;1
VILLEL;1
VILLENA;10
VILLORA;1
VILLORIA;1
VILOBI D'ONYAR;1
VILVIESTRE DEL PINAR;1
VIMBODI I POBLET;1
VIMIANZO;4
VINACEITE;1
VINAIXA;2
VINALESA;2
VINARÒS;9
VINUESA;1
VINYOLS I ELS ARCS;1
VISIEDO;2
VISO (EL);2
VISO DE SAN JUAN (EL);2
VISO DEL ALCOR (EL);5
VISO DEL MARQUES;2
VISTABELLA DEL MAESTRAT;1
VITIGUDINO;4
VITORIA-GASTEIZ;97
VIVEIRO;6
VIVER;2
VIÑUELA;1
VOTO;1
XALO;3
XERACO;1
XERESA;1
XERMADE;1
XERTA;1
XINZO DE LIMIA;7
XIRIVELLA;6
XOVE;1
XÀTIVA;11
YAIZA;5
YATOVA;1
YEBENES (LOS);3
YECLA;10
YELES;1
YEPES;3
YESTE;1
YUNCLER;1
YUNCOS;5
YUNQUERA;1
YUNQUERA DE HENARES;3
ZAFARRAYA;2
ZAFRA;9
ZAGRA;1
ZAHARA;1
ZAHINOS;2
ZAIDA (LA);1
ZAIDIN;2
ZALAMEA DE LA SERENA;5
ZALAMEA LA REAL;2
ZALDIBAR;2
ZALDIBIA;1
ZALLA;5
ZAMORA;29
ZAMUDIO;4
ZARAGOZA;234
ZARATAN;2
ZARAUTZ;9
ZARZA (LA);4
ZARZA DE GRANADILLA;1
ZARZA LA MAYOR;1
ZARZA-PERRUNAL (LA);1
ZAS;2
ZEANURI;1
ZEBERIO;1
ZEGAMA;1
ZESTOA;1
ZIZUR MAYOR/ZIZUR NAGUSIA;1
ZORITA;1
ZUBIA (LA);5
ZUERA;5
ZUFRE;1
ZUIA;1
ZUJAR;2
ZUMAIA;5
ZUMARRAGA;7
ZURGENA;2
ÀGER;1
ÒDENA;1
